date, pm25, pm10, so2
2020/10/2, 43, , 
2020/10/3, 49, , 
2020/10/4, 44, , 
2020/10/5, 36, , 
2020/10/6, 46, , 
2020/10/7, 51, , 
2020/10/8, 55, , 
2020/10/9, 62, , 
2020/10/10, 62, , 
2020/10/11, 56, , 
2020/10/12, 53, , 
2020/10/13, 36, , 
2020/10/14, 38, , 
2020/10/15, 30, , 
2020/10/16, 31, , 
2020/10/17, 27, , 
2020/10/18, 36, , 
2020/10/19, 49, , 
2020/10/20, 53, , 
2020/10/21, 53, , 
2020/10/22, 52, , 
2020/10/23, 43, , 
2020/10/24, 34, , 
2020/10/25, 32, , 
2020/10/26, 34, , 
2020/10/27, 44, , 
2020/10/28, 40, , 
2020/10/29, 44, , 
2020/10/30, 63, , 
2020/10/31, 52, , 
2020/11/1, 46, , 
2020/11/2, 40, , 
2020/11/3, 33, , 
2020/11/4, 39, , 
2020/11/5, 31, , 
2020/11/6, 40, , 
2020/11/7, 53, , 
2020/11/8, 50, , 
2020/11/9, 35, , 
2020/11/10, 35, , 
2020/11/11, 26, , 
2020/11/12, 21, , 
2020/11/13, 21, , 
2020/11/14, 19, , 
2020/11/15, 30, , 
2020/11/16, 40, , 
2020/11/17, 33, , 
2020/11/18, 27, , 
2020/11/19, 28, , 
2020/11/20, 27, , 
2020/11/21, 20, , 
2020/11/22, 24, , 
2020/11/23, 29, , 
2020/11/24, 33, , 
2020/11/25, 37, , 
2020/11/26, 51, , 
2020/11/27, 53, , 
2020/11/28, 54, , 
2020/11/29, 43, , 
2020/11/30, 39, , 
2020/12/1, 52, , 
2020/12/2, 48, , 
2020/12/3, 44, , 
2020/12/4, 50, , 
2020/12/5, 51, , 
2020/12/6, 50, , 
2020/12/7, 41, , 
2020/12/8, 29, , 
2020/12/9, 27, , 
2020/12/10, 41, , 
2020/12/11, 46, , 
2020/12/12, 44, , 
2020/12/13, 46, , 
2020/12/14, 43, , 
2020/12/15, 44, , 
2020/12/16, 45, , 
2020/12/17, 43, , 
2020/12/18, 36, , 
2020/12/19, 36, , 
2020/12/20, 38, , 
2020/12/21, 37, , 
2020/12/22, 39, , 
2020/12/23, 39, , 
2020/12/24, 24, , 
2020/12/25, 22, , 
2020/12/26, 29, , 
2020/12/27, 27, , 
2020/12/28, 31, , 
2020/12/29, 22, , 
2020/12/30, 24, , 
2020/12/31, 38, , 
2021/1/1, 50, , 
2021/1/2, 48, , 
2021/1/3, 31, , 
2021/1/4, 28, , 
2020/7/2, 55, , 
2020/7/3, 65, , 
2020/7/4, 61, , 
2020/7/5, 69, , 
2020/7/6, 37, , 
2020/7/7, 56, , 
2020/7/8, 46, , 
2020/7/9, 59, , 
2020/7/10, 58, , 
2020/7/11, 69, , 
2020/7/12, 61, , 
2020/7/13, 62, , 
2020/7/14, 59, , 
2020/7/15, 75, , 
2020/7/16, 57, , 
2020/7/17, 50, , 
2020/7/18, 43, , 
2020/7/19, 39, , 
2020/7/20, 54, , 
2020/7/21, 54, , 
2020/7/22, 35, , 
2020/7/23, 27, , 
2020/7/24, 26, , 
2020/7/25, 44, , 
2020/7/26, 45, , 
2020/7/27, 60, , 
2020/7/28, 59, , 
2020/7/29, 64, , 
2020/7/30, 73, , 
2020/7/31, 66, , 
2020/8/1, 53, , 
2020/8/2, 58, , 
2020/8/3, 55, , 
2020/8/4, 47, , 
2020/8/5, 39, , 
2020/8/6, 38, , 
2020/8/7, 57, , 
2020/8/8, 55, , 
2020/8/9, 71, , 
2020/8/10, 64, , 
2020/8/11, 60, , 
2020/8/12, 62, , 
2020/8/13, 70, , 
2020/8/14, 52, , 
2020/8/15, 48, , 
2020/8/16, 58, , 
2020/8/17, 62, , 
2020/8/18, 67, , 
2020/8/19, 51, , 
2020/8/20, 49, , 
2020/8/21, 64, , 
2020/8/22, 61, , 
2020/8/23, 51, , 
2020/8/24, 37, , 
2020/8/25, 28, , 
2020/8/26, 36, , 
2020/8/27, 22, , 
2020/8/28, 30, , 
2020/8/29, 35, , 
2020/8/30, 36, , 
2020/8/31, 32, , 
2020/9/1, 46, , 
2020/9/2, 34, , 
2020/9/3, 37, , 
2020/9/4, 50, , 
2020/9/5, 52, , 
2020/9/6, 38, , 
2020/9/7, 51, , 
2020/9/8, 45, , 
2020/9/9, 46, , 
2020/9/10, 40, , 
2020/9/11, 50, , 
2020/9/12, 53, , 
2020/9/13, 59, , 
2020/9/14, 61, , 
2020/9/15, 58, , 
2020/9/16, 49, , 
2020/9/17, 51, , 
2020/9/18, 62, , 
2020/9/19, 61, , 
2020/9/20, 49, , 
2020/9/21, 28, , 
2020/9/22, 33, , 
2020/9/23, 50, , 
2020/9/24, 52, , 
2020/9/25, 41, , 
2020/9/26, 31, , 
2020/9/27, 31, , 
2020/9/28, 40, , 
2020/9/29, 52, , 
2020/9/30, 49, , 
2020/10/1, 39, , 
2020/4/2, 46, , 
2020/4/3, 58, , 
2020/4/4, 44, , 
2020/4/5, 30, , 
2020/4/6, 41, , 
2020/4/7, 51, , 
2020/4/8, 57, , 
2020/4/9, 41, , 
2020/4/10, 32, , 
2020/4/11, 31, , 
2020/4/12, 27, , 
2020/4/13, 41, , 
2020/4/14, 49, , 
2020/4/15, 42, , 
2020/4/16, 46, , 
2020/4/17, 39, , 
2020/4/18, 51, , 
2020/4/19, 54, , 
2020/4/20, 39, , 
2020/4/21, 20, , 
2020/4/22, 18, , 
2020/4/23, 26, , 
2020/4/24, 26, , 
2020/4/25, 22, , 
2020/4/26, 23, , 
2020/4/27, 21, , 
2020/4/28, 23, , 
2020/4/29, 22, , 
2020/4/30, 35, , 
2020/5/1, 44, , 
2020/5/2, 44, , 
2020/5/3, 57, , 
2020/5/4, 53, , 
2020/5/5, 53, , 
2020/5/6, 54, , 
2020/5/7, 50, , 
2020/5/8, 53, , 
2020/5/9, 35, , 
2020/5/10, 42, , 
2020/5/11, 65, , 
2020/5/12, 65, , 
2020/5/13, 51, , 
2020/5/14, 57, , 
2020/5/15, 63, , 
2020/5/16, 72, , 
2020/5/17, 22, , 
2020/5/18, 10, , 
2020/5/19, 15, , 
2020/5/20, 38, , 
2020/5/21, 58, , 
2020/5/22, 55, , 
2020/5/23, 52, , 
2020/5/24, 68, , 
2020/5/25, 77, , 
2020/5/26, 63, , 
2020/5/27, 50, , 
2020/5/28, 52, , 
2020/5/29, 51, , 
2020/5/30, 45, , 
2020/5/31, 52, , 
2020/6/1, 57, , 
2020/6/2, 49, , 
2020/6/3, 60, , 
2020/6/4, 40, , 
2020/6/5, 36, , 
2020/6/6, 53, , 
2020/6/7, 77, , 
2020/6/8, 62, , 
2020/6/9, 72, , 
2020/6/10, 83, , 
2020/6/11, 69, , 
2020/6/12, 68, , 
2020/6/13, 50, , 
2020/6/14, 61, , 
2020/6/15, 78, , 
2020/6/16, 47, , 
2020/6/17, 49, , 
2020/6/18, 28, , 
2020/6/19, 59, , 
2020/6/20, 60, , 
2020/6/21, 56, , 
2020/6/22, 39, , 
2020/6/23, 48, , 
2020/6/24, 53, , 
2020/6/25, 32, , 
2020/6/26, 50, , 
2020/6/27, 55, , 
2020/6/28, 71, , 
2020/6/29, 57, , 
2020/6/30, 37, , 
2020/7/1, 41, , 
2020/1/2, 34, , 
2020/1/3, 19, , 
2020/1/4, 23, , 
2020/1/5, 22, , 
2020/1/6, 28, , 
2020/1/7, 29, , 
2020/1/8, 29, , 
2020/1/9, 21, , 
2020/1/10, 21, , 
2020/1/11, 28, , 
2020/1/12, 38, , 
2020/1/13, 42, , 
2020/1/14, 29, , 
2020/1/15, 20, , 
2020/1/16, 21, , 
2020/1/17, 47, , 
2020/1/18, 51, , 
2020/1/19, 43, , 
2020/1/20, 28, , 
2020/1/21, 20, , 
2020/1/22, 17, , 
2020/1/23, 16, , 
2020/1/24, 22, , 
2020/1/25, 27, , 
2020/1/26, 29, , 
2020/1/27, 30, , 
2020/1/28, 29, , 
2020/1/29, 28, , 
2020/1/30, 29, , 
2020/1/31, 38, , 
2020/2/1, 42, , 
2020/2/2, 33, , 
2020/2/3, 21, , 
2020/2/4, 17, , 
2020/2/5, 26, , 
2020/2/6, 32, , 
2020/2/7, 35, , 
2020/2/8, 30, , 
2020/2/9, 31, , 
2020/2/10, 34, , 
2020/2/11, 34, , 
2020/2/12, 32, , 
2020/2/13, 24, , 
2020/2/14, 40, , 
2020/2/15, 63, , 
2020/2/16, 56, , 
2020/2/17, 44, , 
2020/2/18, 31, , 
2020/2/19, 32, , 
2020/2/20, 40, , 
2020/2/21, 38, , 
2020/2/22, 39, , 
2020/2/23, 22, , 
2020/2/24, 27, , 
2020/2/25, 35, , 
2020/2/26, 39, , 
2020/2/27, 41, , 
2020/2/28, 40, , 
2020/2/29, 34, , 
2020/3/1, 25, , 
2020/3/2, 19, , 
2020/3/3, 17, , 
2020/3/4, 11, , 
2020/3/5, 11, , 
2020/3/6, 22, , 
2020/3/7, 27, , 
2020/3/8, 40, , 
2020/3/9, 29, , 
2020/3/10, 31, , 
2020/3/11, 27, , 
2020/3/12, 24, , 
2020/3/13, 27, , 
2020/3/14, 25, , 
2020/3/15, 20, , 
2020/3/16, 29, , 
2020/3/17, 25, , 
2020/3/18, 22, , 
2020/3/19, 29, , 
2020/3/20, 31, , 
2020/3/21, 30, , 
2020/3/22, 27, , 
2020/3/23, 31, , 
2020/3/24, 26, , 
2020/3/25, 21, , 
2020/3/26, 13, , 
2020/3/27, 10, , 
2020/3/28, 13, , 
2020/3/29, 13, , 
2020/3/30, 23, , 
2019/10/2, 18, , 
2019/10/3, 26, , 
2019/10/4, 26, , 
2019/10/5, 31, , 
2019/10/6, 46, , 
2019/10/7, 54, , 
2019/10/8, 57, , 
2019/10/9, 50, , 
2019/10/10, 34, , 
2019/10/11, 27, , 
2019/10/12, 30, , 
2019/10/13, 37, , 
2019/10/14, 38, , 
2019/10/15, 29, , 
2019/10/16, 25, , 
2019/10/17, 27, , 
2019/10/18, 34, , 
2019/10/19, 32, , 
2019/10/20, 36, , 
2019/10/21, 26, , 
2019/10/22, 41, , 
2019/10/23, 45, , 
2019/10/24, 40, , 
2019/10/25, 22, , 
2019/10/26, 35, , 
2019/10/27, 22, , 
2019/10/28, 18, , 
2019/10/29, 19, , 
2019/10/30, 25, , 
2019/10/31, 28, , 
2019/11/1, 31, , 
2019/11/2, 20, , 
2019/11/3, 27, , 
2019/11/4, 35, , 
2019/11/5, 29, , 
2019/11/6, 29, , 
2019/11/7, 40, , 
2019/11/8, 45, , 
2019/11/9, 36, , 
2019/11/10, 24, , 
2019/11/11, 16, , 
2019/11/12, 13, , 
2019/11/13, 16, , 
2019/11/14, 16, , 
2019/11/15, 15, , 
2019/11/16, 26, , 
2019/11/17, 22, , 
2019/11/18, 23, , 
2019/11/19, 40, , 
2019/11/20, 51, , 
2019/11/21, 42, , 
2019/11/22, 28, , 
2019/11/23, 22, , 
2019/11/24, 30, , 
2019/11/25, 24, , 
2019/11/26, 20, , 
2019/11/27, 35, , 
2019/11/28, 52, , 
2019/11/29, 51, , 
2019/11/30, 35, , 
2019/12/1, 28, , 
2019/12/2, 42, , 
2019/12/3, 33, , 
2019/12/4, 35, , 
2019/12/5, 50, , 
2019/12/6, 52, , 
2019/12/7, 41, , 
2019/12/8, 38, , 
2019/12/9, 28, , 
2019/12/10, 18, , 
2019/12/11, 21, , 
2019/12/12, 21, , 
2019/12/13, 25, , 
2019/12/14, 29, , 
2019/12/15, 34, , 
2019/12/16, 35, , 
2019/12/17, 44, , 
2019/12/18, 51, , 
2019/12/19, 49, , 
2019/12/20, 35, , 
2019/12/21, 22, , 
2019/12/22, 44, , 
2019/12/23, 51, , 
2019/12/24, 47, , 
2019/12/25, 32, , 
2019/12/26, 24, , 
2019/12/27, 38, , 
2019/12/28, 38, , 
2019/12/29, 27, , 
2019/12/30, 31, , 
2019/7/2, 11, , 
2019/7/3, 80, , 
2019/7/4, 74, , 
2019/7/5, 79, , 
2019/7/6, 70, , 
2019/7/7, 62, , 
2019/7/8, 55, , 
2019/7/9, 48, , 
2019/7/10, 61, , 
2019/7/11, 72, , 
2019/7/12, 71, , 
2019/7/13, 59, , 
2019/7/14, 83, , 
2019/7/15, 94, , 
2019/7/16, 83, , 
2019/7/17, 70, , 
2019/7/18, 65, , 
2019/7/19, 73, , 
2019/7/20, 63, , 
2019/7/21, 81, , 
2019/7/22, 61, , 
2019/7/23, 58, , 
2019/7/24, 45, , 
2019/7/25, 49, , 
2019/7/26, 52, , 
2019/7/27, 53, , 
2019/7/28, 71, , 
2019/7/29, 84, , 
2019/7/30, 54, , 
2019/7/31, 63, , 
2019/8/1, 61, , 
2019/8/2, 55, , 
2019/8/3, 63, , 
2019/8/4, 86, , 
2019/8/5, 80, , 
2019/8/6, 52, , 
2019/8/7, 59, , 
2019/8/8, 54, , 
2019/8/9, 49, , 
2019/8/10, 52, , 
2019/8/11, 69, , 
2019/8/12, 74, , 
2019/8/13, 62, , 
2019/8/14, 66, , 
2019/8/15, 52, , 
2019/8/16, 48, , 
2019/8/17, 51, , 
2019/8/18, 35, , 
2019/8/19, 50, , 
2019/8/20, 47, , 
2019/8/21, 54, , 
2019/8/22, 62, , 
2019/8/23, 57, , 
2019/8/24, 63, , 
2019/8/25, 59, , 
2019/8/26, 56, , 
2019/8/27, 45, , 
2019/8/28, 60, , 
2019/8/29, 58, , 
2019/8/31, 28, , 
2019/9/1, 53, , 
2019/9/2, 48, , 
2019/9/3, 44, , 
2019/9/4, 41, , 
2019/9/5, 42, , 
2019/9/6, 33, , 
2019/9/7, 37, , 
2019/9/8, 32, , 
2019/9/9, 26, , 
2019/9/10, 13, , 
2019/9/11, 21, , 
2019/9/12, 19, , 
2019/9/13, 28, , 
2019/9/14, 34, , 
2019/9/15, 30, , 
2019/9/16, 27, , 
2019/9/17, 18, , 
2019/9/18, 19, , 
2019/9/19, 29, , 
2019/9/20, 39, , 
2019/9/21, 37, , 
2019/9/22, 48, , 
2019/9/23, 41, , 
2019/9/24, 26, , 
2019/9/25, 25, , 
2019/9/26, 29, , 
2019/9/27, 26, , 
2019/9/28, 18, , 
2019/9/29, 25, , 
2019/9/30, 26, , 
2019/10/1, 16, , 
2019/4/2, 39, , 
2019/4/3, 46, , 
2019/4/4, 48, , 
2019/4/5, 37, , 
2019/4/6, 50, , 
2019/4/7, 57, , 
2019/4/8, 52, , 
2019/4/9, 49, , 
2019/4/10, 45, , 
2019/4/11, 57, , 
2019/4/12, 60, , 
2019/4/13, 45, , 
2019/4/14, 39, , 
2019/4/15, 52, , 
2019/4/16, 60, , 
2019/4/17, 85, , 
2019/4/18, 52, , 
2019/4/19, 52, , 
2019/4/20, 43, , 
2019/4/21, 41, , 
2019/4/22, 48, , 
2019/4/23, 54, , 
2019/4/24, 59, , 
2019/4/25, 61, , 
2019/4/26, 59, , 
2019/4/27, 53, , 
2019/4/28, 48, , 
2019/4/29, 59, , 
2019/4/30, 55, , 
2019/5/1, 52, , 
2019/5/2, 73, , 
2019/5/3, 69, , 
2019/5/4, 58, , 
2019/5/5, 33, , 
2019/5/6, 50, , 
2019/5/7, 45, , 
2019/5/8, 50, , 
2019/5/9, 55, , 
2019/5/10, 55, , 
2019/5/11, 72, , 
2019/5/12, 67, , 
2019/5/13, 89, , 
2019/5/14, 94, , 
2019/5/15, 86, , 
2019/5/16, 63, , 
2019/5/17, 60, , 
2019/5/18, 75, , 
2019/5/19, 72, , 
2019/5/20, 93, , 
2019/5/21, 63, , 
2019/5/22, 77, , 
2019/5/23, 71, , 
2019/5/24, 65, , 
2019/5/25, 102, , 
2019/5/26, 98, , 
2019/5/27, 82, , 
2019/5/28, 65, , 
2019/5/29, 51, , 
2019/5/30, 56, , 
2019/5/31, 37, , 
2019/6/1, 69, , 
2019/6/2, 96, , 
2019/6/3, 96, , 
2019/6/4, 93, , 
2019/6/5, 80, , 
2019/6/6, 75, , 
2019/6/7, 70, , 
2019/6/8, 87, , 
2019/6/9, 120, , 
2019/6/10, 80, , 
2019/6/11, 76, , 
2019/6/12, 67, , 
2019/6/13, 57, , 
2019/6/14, 52, , 
2019/6/15, 70, , 
2019/6/16, 60, , 
2019/6/17, 54, , 
2019/6/18, 48, , 
2019/6/19, 36, , 
2019/6/20, 83, , 
2019/6/21, 82, , 
2019/6/22, 76, , 
2019/6/23, 75, , 
2019/6/24, 96, , 
2019/6/25, 87, , 
2019/6/26, 55, , 
2019/6/27, 18, , 
2019/6/28, 11, , 
2019/6/29, 6, , 
2019/6/30, 5, , 
2019/7/1, 6, , 
2019/1/2, 61, , 
2019/1/3, 60, , 
2019/1/4, 60, , 
2019/1/5, 59, , 
2019/1/6, 51, , 
2019/1/7, 43, , 
2019/1/8, 35, , 
2019/1/9, 33, , 
2019/1/10, 35, , 
2019/1/11, 37, , 
2019/1/12, 33, , 
2019/1/13, 32, , 
2019/1/14, 30, , 
2019/1/15, 30, , 
2019/1/16, 45, , 
2019/1/17, 52, , 
2019/1/18, 53, , 
2019/1/19, 58, , 
2019/1/20, 52, , 
2019/1/21, 48, , 
2019/1/22, 40, , 
2019/1/23, 33, , 
2019/1/24, 41, , 
2019/1/25, 49, , 
2019/1/26, 43, , 
2019/1/27, 51, , 
2019/1/28, 51, , 
2019/1/29, 47, , 
2019/1/30, 47, , 
2019/1/31, 50, , 
2019/2/1, 46, , 
2019/2/2, 54, , 
2019/2/3, 47, , 
2019/2/4, 44, , 
2019/2/5, 44, , 
2019/2/6, 51, , 
2019/2/7, 40, , 
2019/2/8, 50, , 
2019/2/9, 53, , 
2019/2/10, 55, , 
2019/2/11, 52, , 
2019/2/12, 57, , 
2019/2/13, 58, , 
2019/2/14, 43, , 
2019/2/15, 56, , 
2019/2/16, 59, , 
2019/2/17, 55, , 
2019/2/18, 47, , 
2019/2/19, 50, , 
2019/2/20, 56, , 
2019/2/21, 50, , 
2019/2/22, 49, , 
2019/2/23, 42, , 
2019/2/24, 57, , 
2019/2/25, 63, , 
2019/2/26, 61, , 
2019/2/27, 61, , 
2019/2/28, 55, , 
2019/3/1, 59, , 
2019/3/2, 53, , 
2019/3/3, 44, , 
2019/3/4, 45, , 
2019/3/5, 46, , 
2019/3/6, 61, , 
2019/3/7, 67, , 
2019/3/8, 68, , 
2019/3/9, 69, , 
2019/3/10, 65, , 
2019/3/11, 38, , 
2019/3/12, 54, , 
2019/3/13, 59, , 
2019/3/14, 57, , 
2019/3/15, 47, , 
2019/3/16, 37, , 
2019/3/17, 55, , 
2019/3/18, 67, , 
2019/3/19, 71, , 
2019/3/20, 64, , 
2019/3/21, 88, , 
2019/3/22, 98, , 
2019/3/23, 81, , 
2019/3/24, 71, , 
2019/3/25, 66, , 
2019/3/26, 54, , 
2019/3/27, 58, , 
2019/3/28, 49, , 
2019/3/29, 33, , 
2019/3/30, 45, , 
2019/3/31, 53, , 
2019/4/1, 51, , 
2018/10/2, 52, , 
2018/10/3, 53, , 
2018/10/4, 59, , 
2018/10/5, 61, , 
2018/10/6, 59, , 
2018/10/7, 62, , 
2018/10/8, 50, , 
2018/10/9, 38, , 
2018/10/10, 46, , 
2018/10/11, 63, , 
2018/10/12, 48, , 
2018/10/13, 37, , 
2018/10/14, 48, , 
2018/10/15, 31, , 
2018/10/16, 55, , 
2018/10/17, 31, , 
2018/10/18, 26, , 
2018/10/19, 26, , 
2018/10/20, 47, , 
2018/10/21, 52, , 
2018/10/22, 55, , 
2018/10/23, 55, , 
2018/10/24, 39, , 
2018/10/25, 49, , 
2018/10/26, 49, , 
2018/10/27, 47, , 
2018/10/28, 55, , 
2018/10/29, 46, , 
2018/10/30, 37, , 
2018/10/31, 27, , 
2018/11/1, 40, , 
2018/11/2, 53, , 
2018/11/3, 45, , 
2018/11/4, 53, , 
2018/11/5, 47, , 
2018/11/6, 39, , 
2018/11/7, 51, , 
2018/11/8, 50, , 
2018/11/9, 54, , 
2018/11/10, 56, , 
2018/11/11, 45, , 
2018/11/12, 35, , 
2018/11/13, 38, , 
2018/11/14, 32, , 
2018/11/15, 38, , 
2018/11/16, 55, , 
2018/11/17, 47, , 
2018/11/18, 55, , 
2018/11/19, 62, , 
2018/11/20, 60, , 
2018/11/21, 52, , 
2018/11/22, 40, , 
2018/11/23, 39, , 
2018/11/24, 33, , 
2018/11/27, 55, , 
2018/11/28, 55, , 
2018/11/29, 45, , 
2018/11/30, 27, , 
2018/12/1, 28, , 
2018/12/2, 29, , 
2018/12/3, 26, , 
2018/12/4, 19, , 
2018/12/5, 26, , 
2018/12/6, 26, , 
2018/12/7, 48, , 
2018/12/8, 48, , 
2018/12/9, 39, , 
2018/12/10, 49, , 
2018/12/11, 53, , 
2018/12/12, 51, , 
2018/12/13, 51, , 
2018/12/14, 48, , 
2018/12/15, 37, , 
2018/12/16, 55, , 
2018/12/17, 56, , 
2018/12/18, 52, , 
2018/12/19, 40, , 
2018/12/20, 49, , 
2018/12/21, 49, , 
2018/12/22, 41, , 
2018/12/23, 42, , 
2018/12/24, 47, , 
2018/12/25, 45, , 
2018/12/26, 37, , 
2018/12/27, 37, , 
2018/12/28, 40, , 
2018/12/29, 51, , 
2018/12/30, 51, , 
2018/12/31, 51, , 
2018/7/2, 54, , 
2018/7/3, 53, , 
2018/7/4, 55, , 
2018/7/5, 41, , 
2018/7/6, 37, , 
2018/7/7, 55, , 
2018/7/8, 54, , 
2018/7/9, 66, , 
2018/7/10, 53, , 
2018/7/11, 53, , 
2018/7/12, 55, , 
2018/7/13, 69, , 
2018/7/14, 112, , 
2018/7/15, 86, , 
2018/7/16, 70, , 
2018/7/17, 66, , 
2018/7/18, 61, , 
2018/7/19, 53, , 
2018/7/20, 56, , 
2018/7/21, 58, , 
2018/7/22, 99, , 
2018/7/23, 83, , 
2018/7/24, 81, , 
2018/7/25, 76, , 
2018/7/26, 76, , 
2018/7/27, 76, , 
2018/7/28, 68, , 
2018/7/29, 65, , 
2018/7/30, 82, , 
2018/7/31, 69, , 
2018/8/1, 79, , 
2018/8/2, 77, , 
2018/8/3, 62, , 
2018/8/4, 70, , 
2018/8/5, 84, , 
2018/8/6, 94, , 
2018/8/7, 83, , 
2018/8/8, 75, , 
2018/8/9, 62, , 
2018/8/10, 74, , 
2018/8/11, 64, , 
2018/8/12, 61, , 
2018/8/13, 14, , 
2018/8/14, 4, , 
2018/8/15, 5, , 
2018/8/16, 10, , 
2018/8/17, 15, , 
2018/8/18, 15, , 
2018/8/19, 58, , 
2018/8/20, 65, , 
2018/8/21, 53, , 
2018/8/22, 48, , 
2018/8/23, 51, , 
2018/8/24, 39, , 
2018/8/25, 41, , 
2018/8/26, 71, , 
2018/8/27, 64, , 
2018/8/28, 37, , 
2018/8/29, 20, , 
2018/8/30, 25, , 
2018/8/31, 48, , 
2018/9/1, 41, , 
2018/9/2, 20, , 
2018/9/3, 59, , 
2018/9/4, 57, , 
2018/9/5, 54, , 
2018/9/6, 45, , 
2018/9/7, 41, , 
2018/9/8, 48, , 
2018/9/9, 42, , 
2018/9/10, 55, , 
2018/9/11, 55, , 
2018/9/12, 49, , 
2018/9/13, 44, , 
2018/9/14, 43, , 
2018/9/15, 77, , 
2018/9/16, 87, , 
2018/9/17, 46, , 
2018/9/18, 52, , 
2018/9/19, 48, , 
2018/9/20, 48, , 
2018/9/21, 66, , 
2018/9/22, 65, , 
2018/9/23, 62, , 
2018/9/24, 39, , 
2018/9/25, 75, , 
2018/9/26, 69, , 
2018/9/27, 58, , 
2018/9/28, 52, , 
2018/9/29, 47, , 
2018/9/30, 44, , 
2018/10/1, 57, , 
2018/4/2, 40, , 
2018/4/3, 42, , 
2018/4/4, 53, , 
2018/4/5, 56, , 
2018/4/6, 55, , 
2018/4/7, 49, , 
2018/4/8, 51, , 
2018/4/9, 49, , 
2018/4/10, 43, , 
2018/4/11, 57, , 
2018/4/12, 52, , 
2018/4/13, 51, , 
2018/4/14, 54, , 
2018/4/15, 50, , 
2018/4/16, 60, , 
2018/4/17, 54, , 
2018/4/18, 67, , 
2018/4/19, 65, , 
2018/4/20, 65, , 
2018/4/21, 60, , 
2018/4/22, 71, , 
2018/4/23, 69, , 
2018/4/24, 68, , 
2018/4/25, 58, , 
2018/4/26, 64, , 
2018/4/27, 70, , 
2018/4/28, 75, , 
2018/4/29, 72, , 
2018/4/30, 49, , 
2018/5/1, 39, , 
2018/5/2, 62, , 
2018/5/3, 77, , 
2018/5/4, 69, , 
2018/5/5, 72, , 
2018/5/6, 71, , 
2018/5/7, 58, , 
2018/5/8, 54, , 
2018/5/9, 50, , 
2018/5/10, 62, , 
2018/5/11, 58, , 
2018/5/12, 58, , 
2018/5/13, 86, , 
2018/5/14, 78, , 
2018/5/15, 72, , 
2018/5/16, 88, , 
2018/5/17, 66, , 
2018/5/18, 64, , 
2018/5/19, 74, , 
2018/5/20, 101, , 
2018/5/21, 91, , 
2018/5/22, 104, , 
2018/5/23, 66, , 
2018/5/24, 75, , 
2018/5/25, 102, , 
2018/5/26, 92, , 
2018/5/27, 102, , 
2018/5/28, 88, , 
2018/5/29, 83, , 
2018/5/30, 87, , 
2018/5/31, 78, , 
2018/6/1, 62, , 
2018/6/2, 60, , 
2018/6/3, 77, , 
2018/6/4, 78, , 
2018/6/5, 75, , 
2018/6/6, 105, , 
2018/6/7, 110, , 
2018/6/8, 99, , 
2018/6/9, 92, , 
2018/6/10, 92, , 
2018/6/11, 65, , 
2018/6/12, 47, , 
2018/6/13, 68, , 
2018/6/14, 79, , 
2018/6/15, 88, , 
2018/6/16, 115, , 
2018/6/17, 126, , 
2018/6/18, 143, , 
2018/6/19, 93, , 
2018/6/20, 77, , 
2018/6/21, 69, , 
2018/6/22, 100, , 
2018/6/23, 96, , 
2018/6/24, 71, , 
2018/6/25, 76, , 
2018/6/26, 69, , 
2018/6/27, 93, , 
2018/6/28, 117, , 
2018/6/29, 85, , 
2018/6/30, 74, , 
2018/7/1, 62, , 
2018/1/2, 44, , 
2018/1/3, 40, , 
2018/1/4, 32, , 
2018/1/5, 31, , 
2018/1/6, 26, , 
2018/1/7, 41, , 
2018/1/8, 48, , 
2018/1/9, 35, , 
2018/1/10, 32, , 
2018/1/11, 30, , 
2018/1/12, 32, , 
2018/1/13, 25, , 
2018/1/14, 25, , 
2018/1/15, 24, , 
2018/1/16, 25, , 
2018/1/17, 34, , 
2018/1/18, 39, , 
2018/1/19, 50, , 
2018/1/20, 47, , 
2018/1/21, 32, , 
2018/1/22, 33, , 
2018/1/23, 34, , 
2018/1/24, 33, , 
2018/1/25, 40, , 
2018/1/26, 43, , 
2018/1/27, 44, , 
2018/1/28, 46, , 
2018/1/29, 46, , 
2018/1/30, 46, , 
2018/1/31, 46, , 
2018/2/1, 36, , 
2018/2/2, 44, , 
2018/2/3, 31, , 
2018/2/4, 40, , 
2018/2/5, 47, , 
2018/2/6, 39, , 
2018/2/7, 35, , 
2018/2/8, 28, , 
2018/2/9, 34, , 
2018/2/10, 37, , 
2018/2/11, 52, , 
2018/2/12, 51, , 
2018/2/13, 49, , 
2018/2/14, 51, , 
2018/2/15, 50, , 
2018/2/16, 46, , 
2018/2/17, 36, , 
2018/2/18, 36, , 
2018/2/19, 40, , 
2018/2/20, 42, , 
2018/2/21, 38, , 
2018/2/22, 37, , 
2018/2/23, 46, , 
2018/2/24, 50, 27, 
2018/2/25, 44, 25, 
2018/2/26, 40, 36, 
2018/3/3, 49, , 
2018/3/4, 45, , 
2018/3/5, 39, , 
2018/3/6, 41, , 
2018/3/7, 52, , 
2018/3/8, 49, , 
2018/3/9, 53, , 
2018/3/10, 52, , 
2018/3/11, 55, , 
2018/3/12, 54, , 
2018/3/13, 55, , 
2018/3/14, 53, , 
2018/3/15, 51, , 
2018/3/16, 57, , 
2018/3/17, 58, , 
2018/3/18, 55, , 
2018/3/19, 53, , 
2018/3/20, 45, , 
2018/3/21, 50, , 
2018/3/22, 53, , 
2018/3/23, 53, , 
2018/3/24, 52, , 
2018/3/25, 55, , 
2018/3/26, 60, , 
2018/3/27, 59, , 
2018/3/28, 65, , 
2018/3/29, 56, , 
2018/3/30, 26, , 
2018/3/31, 62, , 
2018/4/1, 61, , 
2017/10/2, 28, , 
2017/10/3, 40, , 
2017/10/4, 43, , 
2017/10/5, 43, , 
2017/10/6, 27, , 
2017/10/7, 40, , 
2017/10/8, 40, , 
2017/10/9, 30, , 
2017/10/10, 32, , 
2017/10/11, 37, , 
2017/10/12, 56, , 
2017/10/15, 27, , 
2017/10/16, 34, , 
2017/10/17, 35, , 
2017/10/18, 41, , 
2017/10/19, 26, , 
2017/10/20, 33, , 
2017/10/21, 47, , 
2017/10/22, 52, , 
2017/10/23, 47, , 
2017/10/24, 50, , 
2017/10/25, 42, , 
2017/10/26, 31, , 
2017/10/27, 36, , 
2017/10/28, 38, , 
2017/10/29, 37, , 
2017/10/30, 40, , 
2017/10/31, 34, , 
2017/11/1, 34, , 
2017/11/2, 29, , 
2017/11/3, 24, , 
2017/11/4, 27, , 
2017/11/5, 32, , 
2017/11/6, 35, , 
2017/11/7, 25, , 
2017/11/8, 24, , 
2017/11/9, 39, , 
2017/11/10, 46, , 
2017/11/11, 53, , 
2017/11/12, 42, , 
2017/11/13, 38, , 
2017/11/14, 37, , 
2017/11/15, 28, , 
2017/11/16, 26, , 
2017/11/17, 42, , 
2017/11/18, 44, , 
2017/11/19, 41, , 
2017/11/20, 45, , 
2017/11/21, 39, , 
2017/11/22, 39, , 
2017/11/24, 45, , 
2017/11/25, 32, , 
2017/11/26, 38, , 
2017/11/27, 47, , 
2017/11/28, 30, , 
2017/11/29, 24, , 
2017/11/30, 30, , 
2017/12/1, 35, , 
2017/12/2, 37, , 
2017/12/3, 33, , 
2017/12/4, 41, , 
2017/12/5, 38, , 
2017/12/6, 37, , 
2017/12/7, 40, , 
2017/12/8, 36, , 
2017/12/9, 40, , 
2017/12/10, 42, , 
2017/12/11, 43, , 
2017/12/12, 29, , 
2017/12/13, 30, , 
2017/12/14, 29, , 
2017/12/15, 24, , 
2017/12/16, 40, , 
2017/12/17, 34, , 
2017/12/18, 30, , 
2017/12/19, 30, , 
2017/12/20, 38, , 
2017/12/21, 40, , 
2017/12/22, 39, , 
2017/12/23, 38, , 
2017/12/24, 47, , 
2017/12/25, 54, , 
2017/12/26, 54, , 
2017/12/27, 42, , 
2017/12/28, 26, , 
2017/12/29, 25, , 
2017/12/30, 27, , 
2017/12/31, 34, , 
2018/1/1, 24, , 
2017/7/2, 69, , 
2017/7/3, 63, , 
2017/7/4, 43, , 
2017/7/5, 53, , 
2017/7/6, 57, , 
2017/7/7, 57, , 
2017/7/8, 65, , 
2017/7/9, 54, , 
2017/7/10, 67, , 
2017/7/11, 61, , 
2017/7/12, 30, , 
2017/7/13, 54, , 
2017/7/14, 57, , 
2017/7/15, 50, , 
2017/7/16, 46, , 
2017/7/17, 55, , 
2017/7/18, 58, , 
2017/7/19, 71, , 
2017/7/20, 64, , 
2017/7/21, 70, , 
2017/7/22, 68, , 
2017/7/23, 65, , 
2017/7/24, 54, , 
2017/7/25, 57, , 
2017/7/26, 64, , 
2017/7/27, 61, , 
2017/7/28, 63, , 
2017/7/29, 52, , 
2017/7/30, 78, , 
2017/7/31, 72, , 
2017/8/1, 74, , 
2017/8/2, 57, , 
2017/8/3, 53, , 
2017/8/4, 61, , 
2017/8/5, 68, , 
2017/8/6, 67, , 
2017/8/7, 68, , 
2017/8/8, 64, , 
2017/8/9, 62, , 
2017/8/10, 45, , 
2017/8/11, 36, , 
2017/8/12, 26, , 
2017/8/13, 35, , 
2017/8/14, 35, , 
2017/8/15, 46, , 
2017/8/16, 50, , 
2017/8/17, 51, , 
2017/8/18, 44, , 
2017/8/19, 51, , 
2017/8/20, 49, , 
2017/8/21, 55, , 
2017/8/22, 55, , 
2017/8/23, 47, , 
2017/8/24, 42, , 
2017/8/25, 29, , 
2017/8/26, 26, , 
2017/8/27, 43, , 
2017/8/28, 45, , 
2017/8/29, 30, , 
2017/8/30, 21, , 
2017/8/31, 31, , 
2017/9/1, 40, , 
2017/9/2, 42, , 
2017/9/3, 42, , 
2017/9/4, 27, , 
2017/9/5, 30, , 
2017/9/6, 47, , 
2017/9/11, 36, , 
2017/9/12, 25, , 
2017/9/13, 46, , 
2017/9/14, 46, , 
2017/9/15, 32, , 
2017/9/16, 50, , 
2017/9/17, 62, , 
2017/9/18, 41, , 
2017/9/19, 19, , 
2017/9/21, 38, , 
2017/9/22, 44, , 
2017/9/23, 53, , 
2017/9/24, 54, , 
2017/9/25, 45, , 
2017/9/26, 48, , 
2017/9/27, 52, , 
2017/9/28, 53, , 
2017/9/29, 48, , 
2017/9/30, 48, , 
2017/10/1, 46, , 
2017/4/2, 43, , 
2017/4/3, 37, , 
2017/4/4, 57, , 
2017/4/5, 60, , 
2017/4/6, 62, , 
2017/4/7, 79, , 
2017/4/8, 72, , 
2017/4/9, 66, , 
2017/4/10, 78, , 
2017/4/11, 78, , 
2017/4/12, 103, , 
2017/4/13, 68, , 
2017/4/14, 62, , 
2017/4/15, 55, , 
2017/4/16, 53, , 
2017/4/17, 58, , 
2017/4/18, 64, , 
2017/4/19, 60, , 
2017/4/20, 55, , 
2017/4/21, 54, , 
2017/4/22, 52, , 
2017/4/23, 53, , 
2017/4/24, 68, , 
2017/4/25, 62, , 
2017/4/26, 50, , 
2017/4/27, 57, , 
2017/4/28, 67, , 
2017/4/29, 64, , 
2017/4/30, 67, , 
2017/5/1, 58, , 
2017/5/2, 52, , 
2017/5/3, 51, , 
2017/5/4, 54, , 
2017/5/5, 73, , 
2017/5/6, 55, , 
2017/5/7, 44, , 
2017/5/8, 30, , 
2017/5/9, 35, , 
2017/5/10, 48, , 
2017/5/11, 29, , 
2017/5/12, 49, , 
2017/5/14, 78, , 
2017/5/15, 115, , 
2017/5/16, 112, , 
2017/5/17, 103, , 
2017/5/18, 138, , 
2017/5/23, 61, , 
2017/5/24, 50, , 
2017/5/25, 43, , 
2017/5/26, 47, , 
2017/5/27, 39, , 
2017/5/28, 52, , 
2017/5/29, 58, , 
2017/5/30, 60, , 
2017/5/31, 53, , 
2017/6/1, 60, , 
2017/6/2, 83, , 
2017/6/3, 73, , 
2017/6/4, 62, , 
2017/6/5, 78, , 
2017/6/6, 62, , 
2017/6/7, 63, , 
2017/6/8, 65, , 
2017/6/9, 61, , 
2017/6/10, 59, , 
2017/6/11, 64, , 
2017/6/12, 56, , 
2017/6/13, 62, , 
2017/6/14, 52, , 
2017/6/15, 50, , 
2017/6/16, 54, , 
2017/6/17, 40, , 
2017/6/18, 47, , 
2017/6/19, 57, , 
2017/6/20, 44, , 
2017/6/21, 60, , 
2017/6/22, 52, , 
2017/6/23, 59, , 
2017/6/24, 53, , 
2017/6/25, 66, , 
2017/6/26, 52, , 
2017/6/27, 54, , 
2017/6/28, 41, , 
2017/6/29, 50, , 
2017/6/30, 54, , 
2017/7/1, 59, , 
2017/1/3, 49, , 
2017/1/4, 54, , 
2017/1/5, 60, , 
2017/1/6, 60, , 
2017/1/7, 60, , 
2017/1/8, 56, , 
2017/1/9, 57, , 
2017/1/10, 66, , 
2017/1/11, 66, , 
2017/1/12, 53, , 
2017/1/13, 55, , 
2017/1/14, 53, , 
2017/1/15, 61, , 
2017/1/16, 53, , 
2017/1/17, 55, , 
2017/1/18, 39, , 
2017/1/19, 54, , 
2017/1/20, 62, , 
2017/1/21, 56, , 
2017/1/22, 64, , 
2017/1/23, 70, , 
2017/1/24, 76, , 
2017/1/25, 64, , 
2017/1/26, 95, , 
2017/1/27, 91, , 
2017/1/28, 87, , 
2017/1/29, 80, , 
2017/1/30, 81, , 
2017/1/31, 69, , 
2017/2/1, 71, , 
2017/2/2, 82, , 
2017/2/3, 70, , 
2017/2/4, 66, , 
2017/2/5, 55, , 
2017/2/6, 52, , 
2017/2/7, 55, , 
2017/2/8, 51, , 
2017/2/9, 55, , 
2017/2/10, 61, , 
2017/2/11, 62, , 
2017/2/12, 54, , 
2017/2/13, 56, , 
2017/2/14, 54, , 
2017/2/15, 49, , 
2017/2/16, 52, , 
2017/2/17, 55, , 
2017/2/18, 54, , 
2017/2/19, 48, , 
2017/2/20, 44, , 
2017/2/21, 60, , 
2017/2/22, 59, , 
2017/2/23, 57, , 
2017/2/24, 54, , 
2017/2/25, 58, , 
2017/2/26, 64, , 
2017/2/27, 64, , 
2017/2/28, 38, , 
2017/3/1, 43, , 
2017/3/2, 53, , 
2017/3/3, 57, , 
2017/3/4, 58, , 
2017/3/5, 45, , 
2017/3/6, 58, , 
2017/3/7, 53, , 
2017/3/8, 55, , 
2017/3/9, 37, , 
2017/3/10, 45, , 
2017/3/11, 68, , 
2017/3/12, 55, , 
2017/3/13, 57, , 
2017/3/14, 61, , 
2017/3/15, 42, , 
2017/3/16, 45, , 
2017/3/17, 47, , 
2017/3/18, 46, , 
2017/3/19, 55, , 
2017/3/20, 51, , 
2017/3/21, 34, , 
2017/3/22, 48, , 
2017/3/23, 41, , 
2017/3/24, 41, , 
2017/3/25, 42, , 
2017/3/26, 21, , 
2017/3/27, 7, , 
2017/3/28, 9, , 
2017/3/29, 48, , 
2017/3/30, 39, , 
2017/3/31, 53, , 
2017/4/1, 52, , 
2016/10/2, 56, , 
2016/10/3, 53, , 
2016/10/4, 44, , 
2016/10/5, 41, , 
2016/10/6, 54, , 
2016/10/7, 67, , 
2016/10/8, 72, , 
2016/10/9, 64, , 
2016/10/10, 95, , 
2016/10/11, 97, , 
2016/10/12, 114, , 
2016/10/13, 145, , 
2016/10/14, 85, , 
2016/10/15, 45, , 
2016/10/16, 51, , 
2016/10/17, 42, , 
2016/10/18, 39, , 
2016/10/19, 11, , 
2016/10/20, 11, , 
2016/10/21, 34, , 
2016/10/22, 57, , 
2016/10/23, 54, , 
2016/10/24, 50, , 
2016/10/25, 37, , 
2016/10/26, 52, , 
2016/10/27, 64, , 
2016/10/28, 73, , 
2016/10/29, 65, , 
2016/10/30, 56, , 
2016/10/31, 55, , 
2016/11/1, 52, , 
2016/11/2, 38, , 
2016/11/3, 48, , 
2016/11/4, 57, , 
2016/11/5, 61, , 
2016/11/6, 59, , 
2016/11/7, 51, , 
2016/11/8, 59, , 
2016/11/9, 47, , 
2016/11/10, 43, , 
2016/11/11, 52, , 
2016/11/12, 57, , 
2016/11/13, 45, , 
2016/11/14, 38, , 
2016/11/15, 51, , 
2016/11/16, 39, , 
2016/11/17, 43, , 
2016/11/18, 53, , 
2016/11/19, 56, , 
2016/11/20, 50, , 
2016/11/21, 46, , 
2016/11/22, 38, , 
2016/11/23, 40, , 
2016/11/24, 34, , 
2016/11/25, 33, , 
2016/11/26, 28, , 
2016/11/27, 32, , 
2016/11/28, 37, , 
2016/11/29, 51, , 
2016/11/30, 58, , 
2016/12/1, 50, , 
2016/12/2, 45, , 
2016/12/3, 51, , 
2016/12/4, 11, , 
2016/12/5, 24, , 
2016/12/6, 32, , 
2016/12/7, 58, , 
2016/12/8, 61, , 
2016/12/9, 41, , 
2016/12/10, 29, , 
2016/12/11, 24, , 
2016/12/12, 52, , 
2016/12/13, 53, , 
2016/12/14, 132, , 
2016/12/15, 85, , 
2016/12/16, 57, , 
2016/12/17, 58, , 
2016/12/18, 70, , 
2016/12/19, 49, , 
2016/12/20, 51, , 
2016/12/21, 48, , 
2016/12/22, 38, , 
2016/12/23, 58, , 
2016/12/24, 53, , 
2016/12/25, 42, , 
2016/12/26, 39, , 
2016/12/27, 29, , 
2016/12/28, 35, , 
2016/12/29, 46, , 
2016/12/30, 39, , 
2016/12/31, 34, , 
2017/1/1, 43, , 
2017/1/2, 54, , 
2016/7/2, 130, , 
2016/7/3, 76, , 
2016/7/4, 49, , 
2016/7/5, 48, , 
2016/7/6, 51, , 
2016/7/7, 57, , 
2016/7/8, 91, , 
2016/7/9, 84, , 
2016/7/10, 65, , 
2016/7/11, 83, , 
2016/7/12, 80, , 
2016/7/13, 65, , 
2016/7/14, 78, , 
2016/7/15, 58, , 
2016/7/16, 72, , 
2016/7/17, 72, , 
2016/7/18, 74, , 
2016/7/19, 63, , 
2016/7/20, 89, , 
2016/7/21, 76, , 
2016/7/22, 80, , 
2016/7/23, 81, , 
2016/7/24, 123, , 
2016/7/25, 89, , 
2016/7/26, 80, , 
2016/7/27, 91, , 
2016/7/28, 78, , 
2016/7/29, 60, , 
2016/7/30, 70, , 
2016/7/31, 69, , 
2016/8/1, 60, , 
2016/8/2, 54, , 
2016/8/3, 55, , 
2016/8/4, 53, , 
2016/8/5, 75, , 
2016/8/6, 65, , 
2016/8/7, 64, , 
2016/8/8, 65, , 
2016/8/9, 68, , 
2016/8/10, 65, , 
2016/8/11, 53, , 
2016/8/12, 33, , 
2016/8/13, 61, , 
2016/8/14, 60, , 
2016/8/15, 67, , 
2016/8/16, 60, , 
2016/8/17, 23, , 
2016/8/18, 54, , 
2016/8/19, 66, , 
2016/8/20, 62, , 
2016/8/21, 55, , 
2016/8/22, 81, , 
2016/8/23, 72, , 
2016/8/24, 51, , 
2016/8/25, 56, , 
2016/8/26, 50, , 
2016/8/27, 54, , 
2016/8/28, 61, , 
2016/8/29, 48, , 
2016/8/30, 57, , 
2016/8/31, 73, , 
2016/9/1, 108, , 
2016/9/2, 99, , 
2016/9/3, 97, , 
2016/9/4, 66, , 
2016/9/5, 47, , 
2016/9/6, 39, , 
2016/9/7, 49, , 
2016/9/8, 75, , 
2016/9/9, 64, , 
2016/9/10, 73, , 
2016/9/11, 74, , 
2016/9/12, 59, , 
2016/9/13, 39, , 
2016/9/14, 50, , 
2016/9/15, 38, , 
2016/9/16, 15, , 
2016/9/17, 54, , 
2016/9/18, 59, , 
2016/9/19, 70, , 
2016/9/20, 64, , 
2016/9/21, 59, , 
2016/9/22, 51, , 
2016/9/23, 53, , 
2016/9/24, 64, , 
2016/9/25, 64, , 
2016/9/26, 45, , 
2016/9/27, 44, , 
2016/9/28, 54, , 
2016/9/29, 54, , 
2016/9/30, 43, , 
2016/10/1, 43, , 
2016/4/2, 61, , 
2016/4/3, 56, , 
2016/4/4, 63, , 
2016/4/5, 42, , 
2016/4/6, 43, , 
2016/4/7, 53, , 
2016/4/8, 61, , 
2016/4/9, 53, , 
2016/4/13, 51, , 
2016/4/14, 39, , 
2016/4/15, 50, , 
2016/4/16, 51, , 
2016/4/17, 57, , 
2016/4/18, 48, , 
2016/4/19, 43, , 
2016/4/20, 43, , 
2016/4/21, 48, , 
2016/4/22, 47, , 
2016/4/23, 58, , 
2016/4/24, 55, , 
2016/4/25, 53, , 
2016/4/26, 45, , 
2016/4/27, 46, , 
2016/4/28, 64, , 
2016/4/29, 68, , 
2016/4/30, 65, , 25
2016/5/1, 113, , 19
2016/5/2, 83, , 45
2016/5/3, 71, , 
2016/5/4, 138, , 
2016/5/5, 143, , 
2016/5/6, 145, , 
2016/5/7, 154, , 
2016/5/8, 108, , 
2016/5/9, 61, , 
2016/5/10, 58, , 
2016/5/11, 57, , 
2016/5/12, 56, , 
2016/5/13, 70, , 
2016/5/14, 62, , 
2016/5/15, 82, , 
2016/5/16, 104, , 
2016/5/17, 97, , 
2016/5/18, 109, , 
2016/5/19, 78, , 
2016/5/20, 89, , 
2016/5/21, 92, , 
2016/5/22, 60, , 
2016/5/23, 58, , 
2016/5/24, 58, , 
2016/5/25, 70, , 
2016/5/26, 70, , 
2016/5/27, 76, , 
2016/5/28, 73, , 
2016/5/29, 67, , 
2016/5/30, 52, , 
2016/5/31, 74, , 
2016/6/1, 65, , 
2016/6/2, 60, , 
2016/6/3, 46, , 
2016/6/4, 53, , 
2016/6/5, 49, , 
2016/6/6, 55, , 
2016/6/7, 54, , 
2016/6/8, 67, , 
2016/6/9, 81, , 
2016/6/10, 96, , 
2016/6/11, 112, , 
2016/6/12, 106, , 
2016/6/13, 73, , 
2016/6/14, 58, , 
2016/6/15, 68, , 
2016/6/16, 88, , 
2016/6/17, 90, , 
2016/6/18, 88, , 
2016/6/19, 66, , 
2016/6/20, 60, , 
2016/6/21, 61, , 
2016/6/22, 71, , 
2016/6/23, 97, , 
2016/6/24, 126, , 
2016/6/25, 110, , 
2016/6/26, 77, , 
2016/6/27, 75, , 
2016/6/28, 90, , 
2016/6/29, 98, , 
2016/6/30, 78, , 
2016/7/1, 100, , 
2016/1/5, 44, , 
2016/1/6, 50, , 
2016/1/7, 52, , 
2016/1/8, 49, , 
2016/1/9, 39, , 
2016/1/10, 35, , 
2016/1/11, 35, , 
2016/1/12, 35, , 
2016/1/13, 37, , 
2016/1/14, 45, , 
2016/1/15, 40, , 
2016/1/16, 39, , 
2016/1/17, 50, , 
2016/1/18, 65, , 
2016/1/19, 61, , 
2016/1/20, 46, , 
2016/1/21, 44, , 
2016/1/22, 41, , 
2016/1/23, 28, , 
2016/1/24, 46, , 
2016/1/25, 36, , 
2016/1/26, 42, , 
2016/1/27, 41, , 
2016/1/28, 44, , 
2016/1/29, 48, , 
2016/1/30, 37, , 
2016/1/31, 40, , 
2016/2/1, 56, , 
2016/2/2, 41, , 
2016/2/3, 44, , 
2016/2/4, 53, , 
2016/2/5, 44, , 
2016/2/6, 56, , 
2016/2/7, 40, , 
2016/2/8, 40, , 
2016/2/9, 30, , 
2016/2/10, 51, , 
2016/2/11, 52, , 
2016/2/12, 38, , 
2016/2/13, 37, , 
2016/2/14, 39, , 
2016/2/15, 54, , 
2016/2/16, 52, , 
2016/2/17, 41, , 
2016/2/18, 32, , 
2016/2/19, 46, , 
2016/2/20, 46, , 
2016/2/21, 51, , 
2016/2/22, 53, , 
2016/2/23, 45, , 
2016/2/24, 48, , 
2016/2/25, 46, , 
2016/2/26, 35, , 
2016/2/27, 50, , 
2016/2/28, 50, , 
2016/2/29, 47, , 
2016/3/1, 49, , 
2016/3/2, 60, , 
2016/3/3, 56, , 
2016/3/4, 61, , 
2016/3/5, 65, , 
2016/3/6, 60, , 
2016/3/7, 55, , 
2016/3/8, 68, , 
2016/3/9, 78, , 
2016/3/10, 103, , 
2016/3/11, 104, , 
2016/3/12, 57, , 
2016/3/13, 51, , 
2016/3/14, 39, , 
2016/3/15, 47, , 
2016/3/16, 44, , 
2016/3/17, 32, , 
2016/3/18, 41, , 
2016/3/19, 40, , 
2016/3/20, 53, , 
2016/3/21, 55, , 
2016/3/22, 38, , 
2016/3/23, 44, , 
2016/3/24, 54, , 
2016/3/25, 51, , 
2016/3/26, 52, , 
2016/3/27, 56, , 
2016/3/28, 42, , 
2016/3/29, 38, , 
2016/3/30, 51, , 
2016/3/31, 46, , 
2016/4/1, 46, , 
2015/10/2, 36, , 
2015/10/3, 37, , 
2015/10/4, 35, , 
2015/10/5, 30, , 
2015/10/6, 25, , 
2015/10/7, 39, , 
2015/10/8, 35, , 
2015/10/9, 21, , 
2015/10/10, 38, , 
2015/10/11, 31, , 
2015/10/12, 56, , 
2015/10/13, 48, , 
2015/10/14, 25, , 
2015/10/15, 61, , 
2015/10/16, 39, , 
2015/10/17, 26, , 
2015/10/18, 33, , 
2015/10/19, 54, , 
2015/10/20, 40, , 
2015/10/21, 31, , 
2015/10/22, 36, , 
2015/10/23, 37, , 
2015/10/24, 30, , 
2015/10/25, 28, , 
2015/10/26, 16, , 
2015/10/27, 30, , 
2015/10/28, 33, , 
2015/10/29, 22, , 
2015/10/30, 26, , 
2015/10/31, 34, , 
2015/11/1, 54, , 
2015/11/2, 36, , 
2015/11/3, 28, , 
2015/11/4, 32, , 
2015/11/5, 46, , 
2015/11/6, 38, , 
2015/11/7, 28, , 
2015/11/8, 21, , 
2015/11/9, 28, , 
2015/11/10, 20, , 
2015/11/11, 12, , 
2015/11/12, 12, , 
2015/11/13, 28, , 
2015/11/14, 74, , 
2015/11/15, 90, , 
2015/11/16, 65, , 
2015/11/17, 62, , 
2015/11/18, 83, , 
2015/11/19, 43, , 
2015/11/20, 28, , 
2015/11/21, 38, , 
2015/11/22, 43, , 
2015/11/23, 43, , 
2015/11/24, 48, , 
2015/11/25, 37, , 
2015/11/26, 38, , 
2015/11/27, 35, , 
2015/11/28, 37, , 
2015/11/29, 52, , 
2015/11/30, 52, , 
2015/12/1, 50, , 
2015/12/2, 51, , 
2015/12/3, 50, , 
2015/12/4, 55, , 
2015/12/5, 73, , 
2015/12/6, 61, , 
2015/12/7, 46, , 
2015/12/8, 53, , 
2015/12/9, 57, , 
2015/12/10, 43, , 
2015/12/11, 51, , 
2015/12/12, 45, , 
2015/12/13, 41, , 
2015/12/14, 44, , 
2015/12/15, 33, , 
2015/12/16, 50, , 
2015/12/17, 45, , 
2015/12/18, 45, , 
2015/12/19, 50, , 
2015/12/20, 52, , 
2015/12/21, 39, , 
2015/12/22, 30, , 
2015/12/23, 35, , 
2015/12/24, 45, , 
2015/12/25, 53, , 
2015/12/26, 57, , 
2015/12/27, 46, , 
2015/12/28, 46, , 
2015/12/29, 27, , 
2015/12/30, 46, , 
2015/12/31, 41, , 
2016/1/4, 37, , 
2015/7/2, 75, , 
2015/7/3, 85, , 
2015/7/4, 106, , 
2015/7/5, 96, , 
2015/7/6, 70, , 
2015/7/7, 75, , 
2015/7/8, 63, , 
2015/7/9, 66, , 
2015/7/10, 83, , 
2015/7/11, 80, , 
2015/7/12, 69, , 
2015/7/13, 82, , 
2015/7/14, 116, , 
2015/7/15, 59, , 
2015/7/16, 67, , 
2015/7/17, 84, , 
2015/7/18, 81, , 
2015/7/19, 86, , 
2015/7/20, 67, , 
2015/7/21, 62, , 
2015/7/22, 79, , 
2015/7/23, 65, , 
2015/7/24, 70, , 
2015/7/25, 95, , 
2015/7/26, 79, , 
2015/7/27, 75, , 
2015/7/28, 52, , 
2015/7/29, 52, , 
2015/7/30, 53, , 
2015/7/31, 54, , 
2015/8/1, 53, , 
2015/8/2, 66, , 
2015/8/3, 64, , 
2015/8/4, 59, , 
2015/8/5, 79, , 
2015/8/6, 63, , 
2015/8/7, 61, , 
2015/8/8, 58, , 
2015/8/9, 25, , 
2015/8/10, 35, , 
2015/8/11, 32, , 
2015/8/12, 54, , 
2015/8/13, 37, , 
2015/8/14, 31, , 
2015/8/15, 44, , 
2015/8/16, 54, , 
2015/8/17, 38, , 
2015/8/18, 51, , 
2015/8/19, 41, , 
2015/8/20, 69, , 
2015/8/21, 67, , 
2015/8/22, 56, , 
2015/8/23, 44, , 
2015/8/24, 47, , 
2015/8/25, 51, , 
2015/8/26, 53, , 
2015/8/27, 39, , 
2015/8/28, 52, , 
2015/8/29, 67, , 
2015/8/30, 59, , 
2015/8/31, 63, , 
2015/9/1, 74, , 
2015/9/2, 65, , 
2015/9/3, 51, , 
2015/9/4, 57, , 
2015/9/5, 49, , 
2015/9/6, 44, , 
2015/9/7, 36, , 
2015/9/8, 26, , 
2015/9/9, 35, , 
2015/9/10, 43, , 
2015/9/11, 60, , 
2015/9/12, 52, , 
2015/9/13, 54, , 
2015/9/14, 59, , 
2015/9/15, 60, , 
2015/9/16, 49, , 
2015/9/17, 34, , 
2015/9/19, 17, , 
2015/9/20, 53, , 
2015/9/21, 54, , 
2015/9/22, 38, , 
2015/9/23, 26, , 
2015/9/24, 25, , 
2015/9/25, 31, , 
2015/9/26, 23, , 
2015/9/27, 39, , 
2015/9/28, 42, , 
2015/9/29, 46, , 
2015/9/30, 40, , 
2015/10/1, 37, , 
2015/5/24, 57, , 
2015/5/25, 57, , 
2015/5/26, 61, , 
2015/5/27, 60, , 
2015/5/28, 61, , 
2015/5/29, 74, , 
2015/5/30, 70, , 
2015/5/31, 77, , 
2015/6/1, 65, , 
2015/6/2, 65, , 
2015/6/3, 75, , 
2015/6/4, 69, , 
2015/6/5, 75, , 
2015/6/6, 68, , 
2015/6/7, 55, , 
2015/6/8, 62, , 
2015/6/9, 52, , 
2015/6/10, 56, , 
2015/6/11, 66, , 
2015/6/12, 64, , 
2015/6/13, 70, , 
2015/6/14, 62, , 
2015/6/15, 71, , 
2015/6/16, 67, , 
2015/6/17, 90, , 
2015/6/18, 85, , 
2015/6/19, 84, , 
2015/6/20, 100, , 
2015/6/21, 98, , 
2015/6/22, 98, , 
2015/6/23, 73, , 
2015/6/24, 57, , 
2015/6/25, 62, , 
2015/6/26, 65, , 
2015/6/27, 55, , 
2015/6/28, 75, , 
2015/6/29, 64, , 
2015/6/30, 85, , 
2015/7/1, 86, , 
2015/1/2, 32, , 
2015/1/3, 15, , 
2015/1/4, 4, , 
2015/1/5, 4, , 
2015/1/8, 31, , 
2015/1/9, 26, , 
2015/1/10, 34, , 
2015/1/11, 37, , 
2015/1/12, 24, , 
2015/1/13, 25, , 
2015/1/14, 36, , 
2015/1/15, 33, , 
2015/1/16, 30, , 
2015/1/17, 25, , 
2015/1/18, 15, 18, 
2015/1/19, 23, 11, 
2015/1/20, 25, 23, 
2015/1/21, 23, 33, 
2015/1/22, 27, 22, 
2015/1/24, 4, 20, 
2015/2/21, 67, , 
2015/2/22, 72, , 
2015/2/23, 52, , 
2015/2/24, 38, , 
2015/2/25, 37, , 
2015/2/26, 30, , 
2015/2/27, 40, , 
2015/2/28, 57, , 
2015/3/1, 26, , 
2015/3/2, 27, , 
2015/3/3, 23, , 
2015/3/4, 34, , 
2015/3/5, 27, , 
2015/3/6, 28, , 
2015/3/7, 32, , 
2015/3/8, 37, , 
2015/3/9, 24, , 
2015/3/10, 31, , 
2015/3/11, 36, , 
2015/3/12, 34, , 
2015/3/13, 33, , 
2015/3/14, 31, , 
2015/3/15, 32, , 
2015/3/16, 45, , 
2015/3/17, 42, , 
2015/3/18, 34, , 
2015/3/19, 29, , 
2015/3/20, 38, , 
2015/3/21, 30, , 
2015/3/22, 36, , 
2015/3/23, 46, , 
2015/3/24, 28, , 
2015/3/25, 34, , 
2015/3/26, 33, , 
2015/3/27, 3, , 
2014/10/2, 60, , 
2014/10/3, 58, , 
2014/10/4, 51, , 
2014/10/5, 49, , 
2014/10/6, 46, , 
2014/10/7, 62, , 
2014/10/8, 62, , 
2014/10/9, 50, , 
2014/10/10, 58, , 
2014/10/11, 44, , 
2014/10/12, 83, , 
2014/10/13, 106, , 
2014/10/14, 106, , 
2014/11/19, 14, , 
2014/11/20, 22, , 
2014/11/29, 33, , 
2014/11/30, 33, , 
2014/12/1, 39, , 
2014/12/2, 54, , 
2014/12/3, 42, , 
2014/12/4, 35, , 
2014/12/5, 26, , 
2014/12/6, 20, , 
2014/12/7, 27, , 
2014/12/8, 28, , 
2014/12/9, 32, , 
2014/12/10, 19, , 
2014/12/11, 29, , 
2014/12/12, 31, , 
2014/12/13, 25, , 
2014/12/14, 31, , 
2014/12/15, 24, , 
2014/12/16, 35, , 
2014/12/17, 28, , 
2014/12/18, 29, , 
2014/12/19, 23, , 
2014/12/20, 6, , 
2014/12/21, 24, , 
2014/12/24, 46, , 
2014/12/25, 36, , 
2014/12/26, 23, , 
2014/12/27, 32, , 
2014/12/28, 33, , 
2014/12/29, 19, , 
2014/7/2, 62, , 
2014/7/3, 50, , 
2014/7/4, 48, , 
2014/7/5, 47, , 
2014/7/6, 39, , 
2014/7/7, 52, , 
2014/7/8, 67, , 
2014/7/9, 67, , 
2014/7/10, 71, , 
2014/7/11, 56, , 
2014/7/12, 58, , 
2014/7/13, 67, , 
2014/7/14, 65, , 
2014/7/15, 53, , 
2014/7/16, 54, , 
2014/7/17, 67, , 
2014/7/18, 69, , 
2014/7/19, 72, , 
2014/7/20, 55, , 
2014/7/21, 44, , 
2014/7/22, 56, , 
2014/7/23, 60, , 
2014/7/24, 47, , 
2014/7/25, 53, , 
2014/7/26, 86, , 
2014/7/27, 73, , 
2014/7/28, 62, , 
2014/7/29, 51, , 
2014/7/30, 40, , 
2014/7/31, 40, , 
2014/8/1, 48, , 
2014/8/2, 66, , 
2014/8/3, 52, , 
2014/8/4, 47, , 
2014/8/5, 54, , 
2014/8/6, 53, , 
2014/8/7, 52, , 
2014/8/8, 55, , 
2014/8/9, 60, , 
2014/8/10, 52, , 
2014/8/11, 48, , 
2014/8/12, 56, , 
2014/8/13, 58, , 
2014/8/14, 71, , 
2014/8/15, 62, , 
2014/8/16, 54, , 
2014/8/17, 63, , 
2014/8/18, 57, , 
2014/8/19, 64, , 
2014/8/20, 55, , 
2014/8/21, 40, , 
2014/8/22, 58, , 
2014/8/23, 41, , 
2014/8/24, 29, , 
2014/8/25, 28, , 
2014/8/26, 30, , 
2014/8/27, 45, , 
2014/8/28, 28, , 
2014/8/29, 30, , 
2014/8/30, 31, , 
2014/8/31, 74, , 
2014/9/1, 85, , 
2014/9/2, 78, , 
2014/9/3, 63, , 
2014/9/4, 63, , 
2014/9/5, 66, , 
2014/9/6, 48, , 
2014/9/7, 47, , 
2014/9/8, 67, , 
2014/9/9, 51, , 
2014/9/10, 43, , 
2014/9/11, 42, , 
2014/9/12, 46, , 
2014/9/13, 47, , 
2014/9/14, 48, , 
2014/9/15, 53, , 
2014/9/16, 61, , 
2014/9/17, 56, , 
2014/9/18, 57, , 
2014/9/19, 56, , 
2014/9/20, 55, , 
2014/9/21, 79, , 
2014/9/22, 79, , 
2014/9/23, 59, , 
2014/9/24, 61, , 
2014/9/25, 61, , 
2014/9/26, 54, , 
2014/9/27, 51, , 
2014/9/28, 55, , 
2014/9/29, 54, , 
2014/9/30, 38, , 
2014/10/1, 51, , 
2014/4/2, 36, , 
2014/4/3, 43, , 
2014/4/4, 48, , 
2014/4/5, 49, , 
2014/4/6, 52, , 
2014/4/7, 58, , 
2014/4/8, 54, , 
2014/4/9, 45, , 
2014/4/10, 51, , 
2014/4/11, 51, , 
2014/4/12, 57, , 
2014/4/13, 65, , 
2014/4/14, 67, , 
2014/4/15, 58, , 
2014/4/16, 59, , 
2014/4/17, 47, , 
2014/4/18, 52, , 
2014/4/19, 56, , 
2014/4/20, 55, , 
2014/4/21, 65, , 
2014/4/22, 58, , 
2014/4/23, 56, , 
2014/4/24, 44, , 
2014/4/25, 55, , 
2014/4/26, 41, , 
2014/4/27, 39, , 
2014/4/28, 49, , 
2014/4/29, 53, , 
2014/4/30, 51, , 
2014/5/1, 49, , 
2014/5/2, 62, , 
2014/5/3, 62, , 
2014/5/4, 54, , 
2014/5/5, 32, , 
2014/5/6, 27, , 
2014/5/7, 30, , 
2014/5/8, 38, , 
2014/5/9, 51, , 
2014/5/10, 31, , 
2014/5/11, 42, , 
2014/5/12, 50, , 
2014/5/13, 50, , 
2014/5/14, 56, , 
2014/5/15, 56, , 
2014/5/16, 69, , 
2014/5/17, 55, , 
2014/5/18, 52, , 
2014/5/19, 54, , 
2014/5/20, 60, , 
2014/5/21, 48, , 
2014/5/22, 55, , 
2014/5/23, 44, , 
2014/5/24, 47, , 
2014/5/25, 47, , 
2014/5/26, 45, , 
2014/5/27, 43, , 
2014/5/28, 68, , 
2014/5/29, 69, , 
2014/5/30, 60, , 
2014/5/31, 61, , 
2014/6/1, 46, , 
2014/6/2, 56, , 
2014/6/3, 66, , 
2014/6/4, 53, , 
2014/6/5, 52, , 
2014/6/6, 42, , 
2014/6/7, 41, , 
2014/6/8, 40, , 
2014/6/9, 40, , 
2014/6/10, 52, , 
2014/6/11, 55, , 
2014/6/12, 55, , 
2014/6/13, 51, , 
2014/6/14, 84, , 
2014/6/15, 109, , 
2014/6/16, 141, , 
2014/6/17, 108, , 
2014/6/18, 76, , 
2014/6/19, 56, , 
2014/6/20, 58, , 
2014/6/21, 51, , 
2014/6/22, 45, , 
2014/6/23, 58, , 
2014/6/24, 61, , 
2014/6/25, 53, , 
2014/6/26, 40, , 
2014/6/27, 52, , 
2014/6/29, 62, , 
2014/6/30, 50, , 
2014/7/1, 46, , 
2014/1/31, 71, , 
2014/2/1, 72, , 
2014/2/2, 72, , 
2014/2/3, 67, , 
2014/2/4, 61, , 
2014/2/5, 59, , 
2014/2/6, 61, , 
2014/2/7, 62, , 
2014/2/8, 67, , 
2014/2/9, 63, , 
2014/2/11, 60, , 
2014/2/12, 62, , 
2014/3/6, 40, , 
2014/3/7, 43, , 
2014/3/8, 41, , 
2014/3/9, 59, , 
2014/3/10, 56, , 
2014/3/11, 47, , 
2014/3/12, 53, , 
2014/3/13, 45, , 
2014/3/14, 36, , 
2014/3/15, 36, , 
2014/3/16, 42, , 
2014/3/17, 37, , 
2014/3/18, 32, , 
2014/3/19, 21, , 
2014/3/20, 35, , 
2014/3/21, 43, , 
2014/3/22, 27, , 
2014/3/23, 30, , 
2014/3/24, 23, , 
2014/3/25, 22, , 
2014/3/26, 26, , 
2014/3/27, 23, , 
2014/3/28, 27, , 
2014/3/29, 32, , 
2014/4/1, 28, , 
2018/2/27, , 18, 
2018/2/28, , 27, 
2018/3/1, , 35, 
2018/3/2, , 36, 
2015/1/23, , 17, 