date, pm25, so2
2020/10/2, 101, 
2020/10/3, 100, 
2020/10/4, 94, 
2020/10/5, 109, 
2020/10/6, 90, 
2020/10/7, 95, 
2020/10/8, 104, 
2020/10/9, 109, 
2020/10/10, 102, 
2020/10/11, 78, 
2020/10/12, 74, 
2020/10/13, 74, 
2020/10/14, 79, 
2020/10/15, 70, 
2020/10/16, 62, 
2020/10/17, 68, 
2020/10/18, 64, 
2020/10/19, 81, 
2020/10/20, 94, 
2020/10/21, 78, 
2020/10/22, 55, 
2020/10/23, 88, 
2020/10/24, 82, 
2020/10/25, 88, 
2020/10/26, 91, 
2020/10/27, 100, 
2020/10/28, 104, 
2020/10/29, 76, 
2020/10/30, 67, 
2020/10/31, 44, 
2020/11/1, 38, 
2020/11/2, 46, 
2020/11/3, 67, 
2020/11/4, 82, 
2020/11/5, 70, 
2020/11/6, 79, 
2020/11/7, 63, 
2020/11/8, 25, 
2020/11/9, 41, 
2020/11/10, 42, 
2020/11/11, 41, 
2020/11/12, 57, 
2020/11/13, 60, 
2020/11/14, 69, 
2020/11/15, 71, 
2020/11/16, 52, 
2020/11/17, 25, 
2020/11/18, 22, 
2020/11/19, 55, 
2020/11/20, 50, 
2020/11/21, 55, 
2020/11/22, 60, 
2020/11/23, 56, 
2020/11/24, 55, 
2020/11/25, 72, 
2020/11/26, 75, 
2020/11/27, 72, 
2020/11/28, 55, 
2020/11/29, 69, 
2020/11/30, 69, 
2020/12/1, 27, 
2020/12/2, 53, 
2020/12/3, 61, 
2020/12/4, 39, 
2020/12/5, 25, 
2020/12/6, 34, 
2020/12/7, 41, 
2020/12/8, 37, 
2020/12/9, 41, 
2020/12/10, 42, 
2020/12/11, 59, 
2020/12/12, 70, 
2020/12/13, 81, 
2020/12/14, 73, 
2020/12/15, 59, 
2020/12/16, 48, 
2020/12/17, 36, 
2020/12/18, 31, 
2020/12/19, 28, 
2020/12/20, 44, 
2020/12/21, 46, 
2020/12/22, 26, 
2020/12/23, 25, 
2020/12/24, 32, 
2020/12/25, 56, 
2020/12/26, 52, 
2020/12/27, 13, 
2020/12/28, 8, 
2020/12/29, 22, 
2020/12/30, 43, 
2020/12/31, 57, 
2021/1/1, 52, 
2021/1/2, 19, 
2021/1/3, 15, 
2021/1/4, 21, 
2020/7/2, 59, 
2020/7/3, 73, 
2020/7/4, 73, 
2020/7/5, 84, 
2020/7/6, 109, 
2020/7/7, 170, 
2020/7/8, 184, 
2020/7/9, 82, 
2020/7/10, 80, 
2020/7/11, 89, 
2020/7/12, 107, 
2020/7/13, 157, 
2020/7/14, 287, 
2020/7/15, 175, 
2020/7/16, 115, 
2020/7/17, 143, 
2020/7/18, 64, 
2020/7/19, 56, 
2020/7/20, 54, 
2020/7/21, 75, 
2020/7/22, 160, 
2020/7/23, 139, 
2020/7/24, 181, 
2020/7/25, 167, 
2020/7/26, 73, 
2020/7/27, 102, 
2020/7/28, 132, 
2020/7/29, 162, 
2020/7/30, 198, 
2020/7/31, 131, 
2020/8/1, 52, 
2020/8/2, 49, 
2020/8/3, 84, 
2020/8/4, 78, 
2020/8/5, 164, 
2020/8/6, 102, 
2020/8/7, 124, 
2020/8/8, 83, 
2020/8/9, 71, 
2020/8/10, 74, 
2020/8/11, 106, 
2020/8/12, 144, 
2020/8/13, 115, 
2020/8/14, 100, 
2020/8/15, 94, 
2020/8/16, 148, 
2020/8/17, 114, 
2020/8/18, 129, 
2020/8/19, 115, 
2020/8/20, 160, 
2020/8/21, 75, 
2020/8/22, 54, 
2020/8/23, 64, 
2020/8/24, 100, 
2020/8/25, 70, 
2020/8/26, 71, 
2020/8/27, 132, 
2020/8/28, 64, 
2020/8/29, 84, 
2020/8/30, 97, 
2020/8/31, 159, 
2020/9/1, 68, 
2020/9/2, 93, 
2020/9/3, 157, 
2020/9/4, 142, 
2020/9/5, 151, 
2020/9/6, 195, 
2020/9/7, 235, 
2020/9/8, 179, 
2020/9/9, 103, 
2020/9/10, 96, 
2020/9/11, 94, 
2020/9/12, 96, 
2020/9/13, 95, 
2020/9/14, 109, 
2020/9/15, 181, 
2020/9/16, 110, 
2020/9/17, 154, 
2020/9/18, 114, 
2020/9/19, 106, 
2020/9/20, 61, 
2020/9/21, 73, 
2020/9/22, 142, 
2020/9/23, 97, 
2020/9/24, 98, 
2020/9/25, 56, 
2020/9/26, 77, 
2020/9/27, 102, 
2020/9/28, 94, 
2020/9/29, 86, 
2020/9/30, 74, 
2020/10/1, 101, 
2020/4/2, 57, 
2020/4/3, 39, 
2020/4/4, 32, 
2020/4/5, 61, 
2020/4/6, 116, 
2020/4/7, 134, 
2020/4/8, 52, 
2020/4/9, 80, 
2020/4/10, 91, 
2020/4/11, 81, 
2020/4/12, 104, 
2020/4/13, 62, 
2020/4/14, 134, 
2020/4/15, 173, 
2020/4/16, 81, 
2020/4/17, 49, 
2020/4/18, 52, 
2020/4/19, 87, 
2020/4/20, 62, 
2020/4/21, 112, 
2020/4/22, 51, 
2020/4/23, 158, 
2020/4/24, 157, 
2020/4/25, 64, 
2020/4/26, 52, 
2020/4/27, 120, 
2020/4/28, 66, 
2020/4/29, 58, 
2020/4/30, 89, 
2020/5/1, 80, 
2020/5/2, 99, 
2020/5/3, 68, 
2020/5/4, 56, 
2020/5/5, 67, 
2020/5/6, 297, 
2020/5/7, 158, 
2020/5/8, 139, 
2020/5/9, 127, 
2020/5/10, 53, 
2020/5/11, 68, 
2020/5/12, 94, 
2020/5/13, 170, 
2020/5/14, 139, 
2020/5/15, 68, 
2020/5/16, 51, 
2020/5/17, 56, 
2020/5/18, 153, 
2020/5/19, 74, 
2020/5/20, 161, 
2020/5/21, 101, 
2020/5/22, 146, 
2020/5/23, 184, 
2020/5/24, 133, 
2020/5/25, 51, 
2020/5/26, 209, 
2020/5/27, 174, 
2020/5/28, 176, 
2020/5/29, 235, 
2020/5/30, 241, 
2020/5/31, 201, 
2020/6/1, 117, 
2020/6/2, 186, 
2020/6/3, 78, 
2020/6/4, 105, 
2020/6/5, 186, 
2020/6/6, 53, 
2020/6/7, 55, 
2020/6/8, 88, 
2020/6/9, 58, 
2020/6/10, 79, 
2020/6/11, 60, 
2020/6/12, 53, 
2020/6/13, 99, 
2020/6/14, 142, 
2020/6/15, 65, 
2020/6/16, 123, 
2020/6/17, 53, 
2020/6/18, 63, 
2020/6/19, 54, 
2020/6/20, 72, 
2020/6/21, 89, 
2020/6/22, 139, 
2020/6/23, 62, 
2020/6/24, 82, 
2020/6/25, 93, 
2020/6/26, 134, 
2020/6/27, 117, 
2020/6/28, 137, 
2020/6/29, 149, 
2020/6/30, 157, 
2020/7/1, 151, 
2020/1/2, 15, 
2020/1/3, 17, 
2020/1/4, 11, 
2020/1/5, 14, 
2020/1/6, 20, 
2020/1/7, 41, 
2020/1/8, 32, 
2020/1/9, 42, 
2020/1/10, 61, 
2020/1/11, 74, 
2020/1/12, 28, 
2020/1/13, 9, 
2020/1/14, 13, 
2020/1/15, 19, 
2020/1/16, 36, 
2020/1/17, 25, 
2020/1/18, 11, 
2020/1/19, 13, 
2020/1/20, 21, 
2020/1/21, 21, 
2020/1/22, 11, 
2020/1/23, 7, 
2020/1/24, 8, 
2020/1/25, 16, 
2020/1/26, 16, 
2020/1/27, 13, 
2020/1/28, 21, 
2020/1/29, 30, 
2020/1/30, 22, 
2020/1/31, 16, 
2020/2/1, 25, 
2020/2/2, 19, 
2020/2/3, 62, 
2020/2/4, 23, 
2020/2/5, 37, 
2020/2/6, 68, 
2020/2/7, 29, 
2020/2/8, 20, 
2020/2/9, 9, 
2020/2/10, 10, 
2020/2/11, 10, 
2020/2/12, 22, 
2020/2/13, 24, 
2020/2/14, 27, 
2020/2/15, 39, 
2020/2/16, 51, 
2020/2/17, 44, 
2020/2/18, 32, 
2020/2/19, 32, 
2020/2/20, 23, 
2020/2/21, 16, 
2020/2/22, 22, 
2020/2/23, 33, 
2020/2/24, 24, 
2020/2/25, 34, 
2020/2/26, 56, 
2020/2/27, 13, 
2020/2/28, 9, 
2020/2/29, 9, 
2020/3/1, 7, 
2020/3/2, 8, 
2020/3/3, 8, 
2020/3/4, 38, 
2020/3/5, 34, 
2020/3/6, 14, 
2020/3/7, 16, 
2020/3/8, 59, 
2020/3/9, 52, 
2020/3/10, 11, 
2020/3/11, 57, 
2020/3/12, 37, 
2020/3/13, 17, 
2020/3/14, 57, 
2020/3/15, 98, 
2020/3/16, 25, 
2020/3/17, 21, 
2020/3/18, 42, 
2020/3/19, 23, 
2020/3/20, 42, 
2020/3/21, 33, 
2020/3/22, 36, 
2020/3/23, 27, 
2020/3/24, 44, 
2020/3/25, 41, 
2020/3/26, 31, 
2020/3/27, 20, 
2020/3/28, 39, 
2020/3/29, 23, 
2020/3/30, 27, 
2020/3/31, 24, 
2020/4/1, 29, 
2019/10/2, 111, 
2019/10/3, 169, 
2019/10/4, 71, 
2019/10/5, 81, 
2019/10/6, 138, 
2019/10/7, 90, 
2019/10/8, 83, 
2019/10/9, 88, 
2019/10/10, 78, 
2019/10/11, 81, 
2019/10/12, 63, 
2019/10/13, 68, 
2019/10/14, 35, 
2019/10/15, 51, 
2019/10/16, 52, 
2019/10/17, 58, 
2019/10/18, 62, 
2019/10/19, 53, 
2019/10/20, 28, 
2019/10/21, 45, 
2019/10/22, 64, 
2019/10/23, 41, 
2019/10/24, 34, 
2019/10/25, 41, 
2019/10/26, 49, 
2019/10/27, 53, 
2019/10/28, 68, 
2019/10/29, 59, 
2019/10/30, 46, 
2019/10/31, 105, 
2019/11/1, 54, 
2019/11/2, 46, 
2019/11/3, 88, 
2019/11/4, 84, 
2019/11/5, 77, 
2019/11/6, 94, 
2019/11/7, 75, 
2019/11/8, 65, 
2019/11/9, 24, 
2019/11/10, 24, 
2019/11/11, 16, 
2019/11/12, 12, 
2019/11/13, 12, 
2019/11/14, 26, 
2019/11/15, 42, 
2019/11/16, 35, 
2019/11/17, 54, 
2019/11/18, 41, 
2019/11/19, 67, 
2019/11/20, 44, 
2019/11/21, 74, 
2019/11/22, 34, 
2019/11/23, 13, 
2019/11/24, 52, 
2019/11/25, 36, 
2019/11/26, 42, 
2019/11/27, 78, 
2019/11/28, 77, 
2019/11/29, 62, 
2019/11/30, 56, 
2019/12/1, 68, 
2019/12/2, 37, 
2019/12/3, 25, 
2019/12/4, 36, 
2019/12/5, 19, 
2019/12/6, 19, 
2019/12/7, 18, 
2019/12/8, 16, 
2019/12/9, 12, 
2019/12/10, 25, 
2019/12/11, 25, 
2019/12/12, 30, 
2019/12/13, 49, 
2019/12/14, 34, 
2019/12/15, 50, 
2019/12/16, 62, 
2019/12/17, 35, 
2019/12/18, 32, 
2019/12/19, 29, 
2019/12/20, 66, 
2019/12/21, 61, 
2019/12/22, 26, 
2019/12/23, 19, 
2019/12/24, 24, 
2019/12/25, 58, 
2019/12/26, 70, 
2019/12/27, 35, 
2019/12/28, 32, 
2019/12/29, 106, 
2019/12/30, 29, 
2019/7/2, 184, 
2019/7/3, 159, 
2019/7/4, 117, 
2019/7/5, 166, 
2019/7/6, 286, 
2019/7/7, 168, 
2019/7/8, 163, 
2019/7/9, 51, 
2019/7/10, 47, 
2019/7/11, 52, 
2019/7/12, 57, 
2019/7/13, 51, 
2019/7/14, 46, 
2019/7/15, 63, 
2019/7/16, 131, 
2019/7/17, 53, 
2019/7/18, 44, 
2019/7/19, 78, 
2019/7/20, 62, 
2019/7/21, 95, 
2019/7/22, 95, 
2019/7/23, 155, 
2019/7/24, 157, 
2019/7/25, 234, 
2019/7/26, 177, 
2019/7/27, 84, 
2019/7/28, 155, 
2019/7/29, 176, 
2019/7/30, 51, 
2019/7/31, 55, 
2019/8/1, 95, 
2019/8/2, 113, 
2019/8/3, 148, 
2019/8/4, 176, 
2019/8/5, 194, 
2019/8/6, 69, 
2019/8/7, 102, 
2019/8/8, 159, 
2019/8/9, 94, 
2019/8/10, 66, 
2019/8/11, 56, 
2019/8/12, 63, 
2019/8/13, 154, 
2019/8/14, 145, 
2019/8/15, 164, 
2019/8/16, 152, 
2019/8/17, 64, 
2019/8/18, 68, 
2019/8/19, 106, 
2019/8/20, 158, 
2019/8/21, 220, 
2019/8/22, 127, 
2019/8/23, 140, 
2019/8/24, 145, 
2019/8/25, 65, 
2019/8/26, 133, 
2019/8/27, 63, 
2019/8/28, 147, 
2019/8/29, 75, 
2019/8/30, 93, 
2019/8/31, 145, 
2019/9/1, 119, 
2019/9/2, 56, 
2019/9/3, 62, 
2019/9/4, 74, 
2019/9/5, 90, 
2019/9/6, 118, 
2019/9/7, 147, 
2019/9/8, 96, 
2019/9/9, 53, 
2019/9/10, 69, 
2019/9/11, 69, 
2019/9/12, 122, 
2019/9/13, 86, 
2019/9/14, 76, 
2019/9/15, 90, 
2019/9/16, 94, 
2019/9/17, 128, 
2019/9/18, 98, 
2019/9/19, 77, 
2019/9/20, 89, 
2019/9/21, 103, 
2019/9/22, 84, 
2019/9/23, 56, 
2019/9/24, 74, 
2019/9/25, 102, 
2019/9/26, 55, 
2019/9/27, 35, 
2019/9/28, 63, 
2019/9/29, 52, 
2019/9/30, 56, 
2019/10/1, 81, 
2019/4/2, 55, 
2019/4/3, 53, 
2019/4/4, 62, 
2019/4/5, 64, 
2019/4/6, 97, 
2019/4/7, 99, 
2019/4/8, 86, 
2019/4/9, 92, 
2019/4/10, 62, 
2019/4/11, 60, 
2019/4/12, 38, 
2019/4/13, 97, 
2019/4/14, 101, 
2019/4/15, 101, 
2019/4/16, 211, 
2019/4/17, 200, 
2019/4/18, 40, 
2019/4/19, 50, 
2019/4/20, 39, 
2019/4/21, 41, 
2019/4/22, 66, 
2019/4/23, 52, 
2019/4/24, 22, 
2019/4/25, 33, 
2019/4/26, 99, 
2019/4/27, 126, 
2019/4/28, 80, 
2019/4/29, 85, 
2019/4/30, 148, 
2019/5/1, 146, 
2019/5/2, 80, 
2019/5/3, 56, 
2019/5/4, 86, 
2019/5/5, 63, 
2019/5/6, 74, 
2019/5/7, 42, 
2019/5/8, 67, 
2019/5/9, 62, 
2019/5/10, 89, 
2019/5/11, 85, 
2019/5/12, 53, 
2019/5/13, 56, 
2019/5/14, 120, 
2019/5/15, 160, 
2019/5/16, 280, 
2019/5/17, 156, 
2019/5/18, 79, 
2019/5/19, 120, 
2019/5/20, 100, 
2019/5/21, 81, 
2019/5/22, 64, 
2019/5/23, 62, 
2019/5/24, 72, 
2019/5/25, 104, 
2019/5/26, 80, 
2019/5/27, 134, 
2019/5/28, 156, 
2019/5/29, 116, 
2019/5/30, 265, 
2019/5/31, 143, 
2019/6/1, 46, 
2019/6/2, 54, 
2019/6/3, 57, 
2019/6/4, 57, 
2019/6/5, 39, 
2019/6/6, 57, 
2019/6/7, 62, 
2019/6/8, 85, 
2019/6/9, 120, 
2019/6/10, 74, 
2019/6/11, 149, 
2019/6/12, 399, 
2019/6/14, 1, 
2019/6/15, 3, 
2019/6/16, 5, 
2019/6/17, 184, 
2019/6/18, 200, 
2019/6/19, 172, 
2019/6/20, 99, 
2019/6/21, 122, 
2019/6/22, 65, 
2019/6/23, 60, 
2019/6/24, 123, 
2019/6/25, 77, 
2019/6/26, 133, 
2019/6/27, 69, 
2019/6/28, 82, 
2019/6/29, 71, 
2019/6/30, 130, 
2019/7/1, 133, 
2019/1/2, 41, 
2019/1/3, 26, 
2019/1/4, 20, 
2019/1/5, 15, 
2019/1/6, 16, 
2019/1/7, 20, 
2019/1/8, 26, 
2019/1/9, 39, 
2019/1/10, 39, 
2019/1/11, 42, 
2019/1/12, 33, 
2019/1/13, 28, 
2019/1/14, 25, 
2019/1/15, 24, 
2019/1/16, 26, 
2019/1/17, 26, 
2019/1/18, 17, 
2019/1/19, 15, 
2019/1/20, 18, 
2019/1/21, 22, 
2019/1/22, 29, 
2019/1/23, 24, 
2019/1/24, 22, 
2019/1/25, 20, 
2019/1/26, 22, 
2019/1/27, 24, 
2019/1/28, 35, 
2019/1/29, 37, 
2019/1/30, 54, 
2019/1/31, 64, 
2019/2/2, 124, 
2019/2/3, 137, 
2019/2/4, 38, 
2019/2/5, 17, 
2019/2/6, 17, 
2019/2/7, 20, 
2019/2/8, 22, 
2019/2/9, 19, 
2019/2/10, 35, 
2019/2/11, 126, 
2019/2/12, 107, 
2019/2/13, 82, 
2019/2/14, 82, 
2019/2/15, 77, 
2019/2/16, 67, 
2019/2/17, 63, 
2019/2/18, 64, 
2019/2/19, 64, 
2019/2/20, 62, 
2019/2/21, 67, 
2019/2/22, 71, 
2019/2/23, 69, 
2019/2/24, 56, 
2019/2/25, 65, 
2019/2/26, 51, 
2019/2/27, 51, 
2019/2/28, 52, 
2019/3/1, 65, 
2019/3/2, 93, 
2019/3/3, 74, 
2019/3/4, 123, 
2019/3/5, 80, 
2019/3/6, 70, 
2019/3/7, 58, 
2019/3/8, 67, 
2019/3/9, 55, 
2019/3/10, 49, 
2019/3/11, 64, 
2019/3/12, 56, 
2019/3/13, 61, 
2019/3/14, 59, 
2019/3/15, 52, 
2019/3/16, 51, 
2019/3/17, 60, 
2019/3/18, 62, 
2019/3/19, 64, 
2019/3/20, 75, 
2019/3/21, 48, 
2019/3/22, 71, 
2019/3/23, 83, 
2019/3/24, 62, 
2019/3/25, 54, 
2019/3/26, 32, 
2019/3/27, 41, 
2019/3/28, 84, 
2019/3/29, 64, 
2019/3/30, 63, 
2019/3/31, 66, 
2019/4/1, 48, 
2018/10/2, 93, 
2018/10/3, 61, 
2018/10/4, 66, 
2018/10/5, 43, 
2018/10/6, 40, 
2018/10/7, 90, 
2018/10/8, 45, 
2018/10/9, 39, 
2018/10/10, 71, 
2018/10/11, 74, 
2018/10/12, 37, 
2018/10/13, 58, 
2018/10/14, 83, 
2018/10/15, 53, 
2018/10/16, 40, 
2018/10/17, 48, 
2018/10/18, 48, 
2018/10/19, 48, 
2018/10/20, 53, 
2018/10/21, 56, 
2018/10/22, 51, 
2018/10/23, 94, 
2018/10/24, 54, 
2018/10/25, 70, 
2018/10/26, 57, 
2018/10/27, 50, 
2018/10/28, 42, 
2018/10/29, 35, 
2018/10/30, 44, 
2018/10/31, 50, 
2018/11/1, 39, 
2018/11/2, 51, 
2018/11/3, 55, 
2018/11/4, 42, 
2018/11/5, 36, 
2018/11/6, 52, 
2018/11/7, 57, 
2018/11/8, 55, 
2018/11/9, 49, 
2018/11/10, 42, 
2018/11/11, 45, 
2018/11/12, 62, 
2018/11/13, 67, 
2018/11/14, 41, 
2018/11/15, 51, 
2018/11/16, 50, 
2018/11/17, 41, 
2018/11/18, 52, 
2018/11/19, 57, 
2018/11/20, 50, 
2018/11/21, 42, 
2018/11/22, 34, 
2018/11/23, 68, 
2018/11/24, 54, 
2018/11/27, 19, 
2018/11/28, 20, 
2018/11/29, 22, 
2018/11/30, 34, 
2018/12/1, 42, 
2018/12/2, 22, 
2018/12/3, 24, 
2018/12/4, 28, 
2018/12/5, 26, 
2018/12/6, 24, 
2018/12/7, 28, 
2018/12/8, 26, 
2018/12/9, 35, 
2018/12/10, 31, 
2018/12/11, 26, 
2018/12/12, 27, 
2018/12/13, 26, 
2018/12/14, 24, 
2018/12/15, 33, 
2018/12/16, 45, 
2018/12/17, 20, 
2018/12/18, 20, 
2018/12/19, 18, 
2018/12/20, 22, 
2018/12/21, 23, 
2018/12/22, 18, 
2018/12/23, 27, 
2018/12/24, 32, 
2018/12/25, 20, 
2018/12/26, 19, 
2018/12/27, 24, 
2018/12/28, 23, 
2018/12/29, 15, 
2018/12/30, 19, 
2018/12/31, 35, 
2018/7/2, 56, 
2018/7/3, 187, 
2018/7/4, 191, 
2018/7/5, 261, 
2018/7/6, 75, 
2018/7/7, 78, 
2018/7/8, 168, 
2018/7/9, 158, 
2018/7/10, 69, 
2018/7/11, 128, 
2018/7/12, 158, 
2018/7/13, 79, 
2018/7/14, 97, 
2018/7/15, 72, 
2018/7/16, 86, 
2018/7/17, 158, 
2018/7/18, 274, 
2018/7/19, 172, 
2018/7/20, 198, 
2018/7/21, 184, 
2018/7/22, 68, 
2018/7/23, 129, 
2018/7/24, 135, 
2018/7/25, 92, 
2018/7/26, 191, 
2018/7/27, 128, 
2018/7/28, 164, 
2018/7/29, 93, 
2018/7/30, 66, 
2018/7/31, 147, 
2018/8/1, 93, 
2018/8/2, 129, 
2018/8/3, 162, 
2018/8/4, 56, 
2018/8/5, 53, 
2018/8/6, 39, 
2018/8/7, 47, 
2018/8/8, 66, 
2018/8/9, 89, 
2018/8/10, 154, 
2018/8/11, 125, 
2018/8/12, 122, 
2018/8/13, 58, 
2018/8/14, 68, 
2018/8/15, 156, 
2018/8/16, 171, 
2018/8/17, 70, 
2018/8/18, 55, 
2018/8/19, 103, 
2018/8/20, 95, 
2018/8/21, 52, 
2018/8/22, 156, 
2018/8/23, 99, 
2018/8/24, 59, 
2018/8/25, 106, 
2018/8/26, 68, 
2018/8/27, 52, 
2018/8/28, 60, 
2018/8/29, 66, 
2018/8/30, 37, 
2018/8/31, 37, 
2018/9/1, 95, 
2018/9/2, 127, 
2018/9/3, 59, 
2018/9/4, 130, 
2018/9/5, 77, 
2018/9/6, 58, 
2018/9/7, 57, 
2018/9/8, 137, 
2018/9/9, 170, 
2018/9/10, 70, 
2018/9/11, 148, 
2018/9/12, 119, 
2018/9/13, 109, 
2018/9/14, 123, 
2018/9/15, 86, 
2018/9/16, 133, 
2018/9/17, 66, 
2018/9/18, 32, 
2018/9/19, 52, 
2018/9/20, 60, 
2018/9/21, 33, 
2018/9/22, 48, 
2018/9/23, 49, 
2018/9/24, 63, 
2018/9/25, 64, 
2018/9/26, 48, 
2018/9/27, 78, 
2018/9/28, 60, 
2018/9/29, 38, 
2018/9/30, 56, 
2018/10/1, 67, 
2018/4/2, 32, 
2018/4/3, 40, 
2018/4/4, 53, 
2018/4/5, 42, 
2018/4/6, 60, 
2018/4/7, 131, 
2018/4/8, 106, 
2018/4/9, 102, 
2018/4/10, 79, 
2018/4/11, 44, 
2018/4/12, 74, 
2018/4/13, 65, 
2018/4/14, 53, 
2018/4/15, 62, 
2018/4/16, 48, 
2018/4/17, 40, 
2018/4/18, 82, 
2018/4/19, 72, 
2018/4/20, 30, 
2018/4/21, 30, 
2018/4/22, 53, 
2018/4/23, 42, 
2018/4/24, 118, 
2018/4/25, 82, 
2018/4/26, 81, 
2018/4/27, 42, 
2018/4/28, 60, 
2018/4/29, 140, 
2018/4/30, 53, 
2018/5/1, 40, 
2018/5/2, 64, 
2018/5/3, 82, 
2018/5/4, 73, 
2018/5/5, 158, 
2018/5/6, 43, 
2018/5/7, 71, 
2018/5/8, 123, 
2018/5/9, 153, 
2018/5/10, 60, 
2018/5/11, 70, 
2018/5/12, 44, 
2018/5/13, 52, 
2018/5/14, 36, 
2018/5/15, 40, 
2018/5/16, 72, 
2018/5/17, 101, 
2018/5/18, 46, 
2018/5/19, 74, 
2018/5/20, 58, 
2018/5/21, 49, 
2018/5/22, 82, 
2018/5/23, 98, 
2018/5/24, 177, 
2018/5/25, 107, 
2018/5/26, 52, 
2018/5/27, 60, 
2018/5/28, 93, 
2018/5/29, 59, 
2018/5/30, 108, 
2018/5/31, 109, 
2018/6/1, 60, 
2018/6/2, 34, 
2018/6/3, 66, 
2018/6/4, 163, 
2018/6/5, 131, 
2018/6/6, 65, 
2018/6/7, 112, 
2018/6/8, 158, 
2018/6/9, 89, 
2018/6/10, 120, 
2018/6/11, 84, 
2018/6/12, 92, 
2018/6/13, 138, 
2018/6/14, 126, 
2018/6/15, 180, 
2018/6/16, 64, 
2018/6/17, 48, 
2018/6/18, 47, 
2018/6/19, 46, 
2018/6/20, 69, 
2018/6/21, 104, 
2018/6/22, 76, 
2018/6/23, 60, 
2018/6/24, 89, 
2018/6/25, 168, 
2018/6/26, 52, 
2018/6/27, 73, 
2018/6/28, 57, 
2018/6/29, 51, 
2018/6/30, 42, 
2018/7/1, 45, 
2018/1/2, 32, 
2018/1/3, 49, 
2018/1/4, 39, 
2018/1/5, 45, 
2018/1/6, 62, 
2018/1/7, 55, 
2018/1/8, 39, 
2018/1/9, 26, 
2018/1/10, 29, 
2018/1/12, 9, 
2018/1/13, 12, 
2018/1/14, 8, 
2018/1/15, 11, 
2018/1/16, 26, 
2018/1/17, 22, 
2018/1/18, 23, 
2018/1/19, 15, 
2018/1/20, 19, 
2018/1/21, 8, 
2018/1/22, 19, 
2018/1/23, 48, 
2018/1/24, 35, 
2018/1/25, 19, 
2018/1/26, 36, 
2018/1/27, 46, 
2018/1/28, 50, 
2018/1/29, 51, 
2018/1/30, 41, 
2018/1/31, 33, 
2018/2/1, 36, 
2018/2/2, 28, 
2018/2/3, 24, 
2018/2/4, 21, 
2018/2/5, 21, 
2018/2/6, 26, 
2018/2/7, 29, 
2018/2/8, 45, 
2018/2/9, 38, 
2018/2/10, 53, 
2018/2/11, 43, 
2018/2/12, 21, 
2018/2/13, 24, 
2018/2/14, 23, 
2018/2/15, 39, 
2018/2/16, 32, 
2018/2/17, 42, 
2018/2/18, 39, 
2018/2/19, 44, 
2018/2/20, 54, 
2018/2/21, 48, 
2018/2/22, 46, 
2018/2/23, 41, 
2018/2/24, 31, 
2018/2/25, 37, 
2018/2/26, 40, 
2018/3/3, 29, 
2018/3/4, 46, 
2018/3/5, 42, 
2018/3/6, 38, 
2018/3/7, 25, 
2018/3/8, 18, 
2018/3/9, 31, 
2018/3/10, 45, 
2018/3/11, 68, 
2018/3/12, 35, 
2018/3/13, 38, 
2018/3/14, 64, 
2018/3/15, 46, 
2018/3/16, 71, 
2018/3/17, 40, 
2018/3/18, 61, 
2018/3/19, 76, 
2018/3/20, 65, 
2018/3/21, 59, 
2018/3/22, 76, 
2018/3/23, 49, 
2018/3/24, 47, 
2018/3/25, 67, 
2018/3/26, 57, 
2018/3/27, 62, 
2018/3/28, 83, 
2018/3/29, 58, 
2018/3/30, 102, 
2018/3/31, 84, 
2018/4/1, 42, 
2017/10/2, 94, 
2017/10/3, 92, 
2017/10/4, 93, 
2017/10/5, 58, 
2017/10/6, 88, 
2017/10/7, 143, 
2017/10/8, 143, 
2017/10/9, 93, 
2017/10/10, 77, 
2017/10/11, 107, 
2017/10/12, 163, 
2017/10/13, 42, 
2017/10/14, 38, 
2017/10/15, 68, 
2017/10/16, 49, 
2017/10/17, 88, 
2017/10/18, 68, 
2017/10/19, 85, 
2017/10/20, 101, 
2017/10/21, 110, 
2017/10/22, 95, 
2017/10/23, 84, 
2017/10/24, 75, 
2017/10/25, 91, 
2017/10/26, 102, 
2017/10/27, 87, 
2017/10/28, 74, 
2017/10/29, 58, 
2017/10/30, 79, 
2017/10/31, 76, 
2017/11/1, 55, 
2017/11/2, 46, 
2017/11/3, 69, 
2017/11/4, 79, 
2017/11/5, 68, 
2017/11/6, 75, 
2017/11/7, 49, 
2017/11/8, 43, 
2017/11/9, 58, 
2017/11/10, 77, 
2017/11/11, 77, 
2017/11/12, 80, 
2017/11/13, 49, 
2017/11/14, 37, 
2017/11/15, 55, 
2017/11/16, 74, 
2017/11/17, 60, 
2017/11/18, 71, 
2017/11/19, 83, 
2017/11/20, 68, 
2017/11/21, 50, 
2017/11/22, 43, 
2017/11/24, 44, 
2017/11/25, 35, 
2017/11/26, 56, 
2017/11/27, 46, 
2017/11/28, 36, 
2017/11/29, 40, 
2017/11/30, 39, 
2017/12/1, 40, 
2017/12/2, 29, 
2017/12/3, 35, 
2017/12/4, 56, 
2017/12/5, 42, 
2017/12/6, 31, 
2017/12/7, 30, 
2017/12/8, 34, 
2017/12/9, 35, 
2017/12/10, 33, 
2017/12/11, 37, 
2017/12/12, 18, 
2017/12/13, 35, 
2017/12/14, 32, 
2017/12/15, 40, 
2017/12/16, 32, 
2017/12/17, 33, 
2017/12/18, 53, 
2017/12/19, 23, 
2017/12/20, 34, 
2017/12/21, 42, 
2017/12/22, 60, 
2017/12/23, 52, 
2017/12/24, 54, 
2017/12/25, 49, 
2017/12/26, 46, 
2017/12/27, 35, 
2017/12/28, 41, 
2017/12/29, 33, 
2017/12/30, 31, 
2017/12/31, 60, 
2018/1/1, 38, 
2017/7/2, 74, 
2017/7/3, 148, 
2017/7/4, 82, 
2017/7/5, 192, 
2017/7/6, 177, 
2017/7/7, 150, 
2017/7/8, 196, 
2017/7/9, 125, 
2017/7/10, 137, 
2017/7/11, 131, 
2017/7/12, 194, 
2017/7/13, 223, 
2017/7/14, 87, 
2017/7/15, 85, 
2017/7/16, 111, 
2017/7/17, 171, 
2017/7/18, 104, 
2017/7/19, 303, 
2017/7/20, 82, 
2017/7/21, 66, 
2017/7/22, 92, 
2017/7/23, 60, 
2017/7/24, 71, 
2017/7/25, 67, 
2017/7/26, 70, 
2017/7/27, 57, 
2017/7/28, 41, 
2017/7/29, 75, 
2017/7/30, 92, 
2017/7/31, 62, 
2017/8/1, 57, 
2017/8/2, 46, 
2017/8/3, 145, 
2017/8/4, 165, 
2017/8/5, 110, 
2017/8/6, 76, 
2017/8/7, 58, 
2017/8/8, 105, 
2017/8/9, 54, 
2017/8/10, 53, 
2017/8/11, 58, 
2017/8/12, 76, 
2017/8/13, 71, 
2017/8/14, 63, 
2017/8/15, 105, 
2017/8/16, 108, 
2017/8/17, 154, 
2017/8/18, 59, 
2017/8/19, 63, 
2017/8/20, 108, 
2017/8/21, 130, 
2017/8/22, 57, 
2017/8/23, 51, 
2017/8/24, 86, 
2017/8/25, 68, 
2017/8/26, 130, 
2017/8/27, 81, 
2017/8/28, 129, 
2017/8/29, 111, 
2017/8/30, 145, 
2017/8/31, 169, 
2017/9/1, 64, 
2017/9/2, 64, 
2017/9/3, 84, 
2017/9/4, 99, 
2017/9/5, 150, 
2017/9/6, 106, 
2017/9/11, 135, 
2017/9/12, 86, 
2017/9/13, 147, 
2017/9/14, 136, 
2017/9/15, 119, 
2017/9/16, 172, 
2017/9/17, 143, 
2017/9/18, 90, 
2017/9/19, 137, 
2017/9/20, 106, 
2017/9/21, 106, 
2017/9/22, 121, 
2017/9/23, 81, 
2017/9/24, 127, 
2017/9/25, 80, 
2017/9/26, 141, 
2017/9/27, 43, 
2017/9/28, 32, 
2017/9/29, 72, 
2017/9/30, 83, 
2017/10/1, 59, 
2017/4/2, 116, 
2017/4/3, 63, 
2017/4/4, 43, 
2017/4/5, 66, 
2017/4/6, 85, 
2017/4/7, 62, 
2017/4/8, 104, 
2017/4/9, 83, 
2017/4/10, 146, 
2017/4/11, 85, 
2017/4/12, 44, 
2017/4/13, 29, 
2017/4/14, 72, 
2017/4/15, 80, 
2017/4/16, 63, 
2017/4/17, 152, 
2017/4/18, 138, 
2017/4/19, 89, 
2017/4/20, 56, 
2017/4/21, 62, 
2017/4/22, 73, 
2017/4/23, 76, 
2017/4/24, 146, 
2017/4/25, 86, 
2017/4/26, 98, 
2017/4/27, 87, 
2017/4/28, 71, 
2017/4/29, 88, 
2017/4/30, 160, 
2017/5/1, 55, 
2017/5/2, 58, 
2017/5/3, 51, 
2017/5/4, 167, 
2017/5/5, 53, 
2017/5/6, 49, 
2017/5/7, 42, 
2017/5/8, 55, 
2017/5/9, 80, 
2017/5/10, 112, 
2017/5/11, 136, 
2017/5/12, 165, 
2017/5/13, 137, 
2017/5/14, 47, 
2017/5/15, 42, 
2017/5/16, 67, 
2017/5/17, 40, 
2017/5/18, 48, 
2017/5/19, 161, 
2017/5/20, 164, 
2017/5/21, 124, 
2017/5/22, 51, 
2017/5/23, 95, 
2017/5/24, 163, 
2017/5/25, 206, 
2017/5/26, 293, 
2017/5/27, 128, 
2017/5/28, 225, 
2017/5/29, 170, 
2017/5/30, 111, 
2017/5/31, 156, 
2017/6/1, 105, 
2017/6/2, 154, 
2017/6/3, 87, 
2017/6/4, 85, 
2017/6/5, 143, 
2017/6/6, 162, 
2017/6/7, 71, 
2017/6/8, 67, 
2017/6/9, 123, 
2017/6/10, 71, 
2017/6/11, 91, 
2017/6/12, 165, 
2017/6/13, 124, 
2017/6/14, 122, 
2017/6/15, 99, 
2017/6/16, 65, 
2017/6/17, 63, 
2017/6/18, 129, 
2017/6/19, 212, 
2017/6/20, 259, 
2017/6/21, 264, 
2017/6/22, 53, 
2017/6/23, 45, 
2017/6/24, 115, 
2017/6/25, 170, 
2017/6/26, 108, 
2017/6/27, 74, 
2017/6/28, 90, 
2017/6/29, 148, 
2017/6/30, 84, 
2017/7/1, 151, 
2017/1/3, 36, 
2017/1/4, 39, 
2017/1/5, 49, 
2017/1/6, 49, 
2017/1/7, 43, 
2017/1/8, 35, 
2017/1/9, 35, 
2017/1/10, 49, 
2017/1/11, 59, 
2017/1/12, 48, 
2017/1/13, 26, 
2017/1/14, 23, 
2017/1/15, 14, 
2017/1/16, 13, 
2017/1/17, 29, 
2017/1/18, 57, 
2017/1/19, 53, 
2017/1/20, 26, 
2017/1/21, 32, 
2017/1/22, 33, 
2017/1/23, 27, 
2017/1/24, 34, 
2017/1/25, 26, 
2017/1/26, 20, 
2017/1/27, 18, 
2017/1/28, 18, 
2017/1/29, 16, 
2017/1/30, 21, 
2017/1/31, 26, 
2017/2/1, 21, 
2017/2/2, 15, 
2017/2/3, 21, 
2017/2/4, 29, 
2017/2/5, 30, 
2017/2/6, 34, 
2017/2/7, 24, 
2017/2/8, 24, 
2017/2/9, 32, 
2017/2/10, 36, 
2017/2/11, 31, 
2017/2/12, 33, 
2017/2/13, 23, 
2017/2/14, 22, 
2017/2/15, 25, 
2017/2/16, 25, 
2017/2/17, 28, 
2017/2/18, 42, 
2017/2/19, 50, 
2017/2/20, 39, 
2017/2/21, 27, 
2017/2/22, 18, 
2017/2/23, 23, 
2017/2/24, 12, 
2017/2/25, 12, 
2017/2/26, 14, 
2017/2/27, 17, 
2017/2/28, 33, 
2017/3/1, 39, 
2017/3/2, 56, 
2017/3/3, 61, 
2017/3/4, 61, 
2017/3/5, 27, 
2017/3/6, 52, 
2017/3/7, 64, 
2017/3/8, 58, 
2017/3/9, 40, 
2017/3/10, 50, 
2017/3/11, 72, 
2017/3/12, 87, 
2017/3/13, 91, 
2017/3/14, 71, 
2017/3/15, 43, 
2017/3/16, 37, 
2017/3/17, 25, 
2017/3/18, 42, 
2017/3/19, 146, 
2017/3/20, 53, 
2017/3/21, 53, 
2017/3/22, 21, 
2017/3/23, 37, 
2017/3/24, 31, 
2017/3/25, 33, 
2017/3/26, 56, 
2017/3/27, 53, 
2017/3/28, 43, 
2017/3/29, 89, 
2017/3/30, 123, 
2017/3/31, 91, 
2017/4/1, 87, 
2016/10/2, 82, 
2016/10/3, 118, 
2016/10/4, 87, 
2016/10/5, 62, 
2016/10/6, 142, 
2016/10/7, 51, 
2016/10/8, 46, 
2016/10/9, 76, 
2016/10/10, 73, 
2016/10/11, 85, 
2016/10/12, 57, 
2016/10/13, 53, 
2016/10/14, 66, 
2016/10/15, 107, 
2016/10/16, 61, 
2016/10/17, 38, 
2016/10/18, 55, 
2016/10/19, 58, 
2016/10/20, 91, 
2016/10/21, 55, 
2016/10/22, 58, 
2016/10/23, 57, 
2016/10/24, 41, 
2016/10/25, 51, 
2016/10/26, 39, 
2016/10/27, 44, 
2016/10/28, 27, 
2016/10/29, 33, 
2016/10/30, 38, 
2016/10/31, 39, 
2016/11/1, 42, 
2016/11/2, 74, 
2016/11/3, 58, 
2016/11/4, 42, 
2016/11/5, 63, 
2016/11/6, 49, 
2016/11/7, 26, 
2016/11/8, 18, 
2016/11/9, 17, 
2016/11/10, 22, 
2016/11/11, 35, 
2016/11/12, 24, 
2016/11/13, 21, 
2016/11/14, 43, 
2016/11/15, 47, 
2016/11/16, 59, 
2016/11/17, 55, 
2016/11/18, 21, 
2016/11/19, 24, 
2016/11/20, 20, 
2016/11/21, 19, 
2016/11/22, 27, 
2016/11/23, 40, 
2016/11/24, 36, 
2016/11/25, 36, 
2016/11/26, 37, 
2016/11/27, 53, 
2016/11/28, 60, 
2016/11/29, 23, 
2016/11/30, 16, 
2016/12/1, 13, 
2016/12/2, 29, 
2016/12/3, 36, 
2016/12/4, 39, 
2016/12/5, 36, 
2016/12/6, 57, 
2016/12/7, 46, 
2016/12/8, 33, 
2016/12/9, 14, 
2016/12/10, 23, 
2016/12/11, 29, 
2016/12/12, 32, 
2016/12/13, 40, 
2016/12/14, 41, 
2016/12/15, 47, 
2016/12/16, 33, 
2016/12/17, 29, 
2016/12/18, 52, 
2016/12/19, 47, 
2016/12/20, 32, 
2016/12/21, 44, 
2016/12/22, 57, 
2016/12/23, 54, 
2016/12/24, 56, 
2016/12/25, 48, 
2016/12/26, 45, 
2016/12/27, 50, 
2016/12/28, 33, 
2016/12/29, 15, 
2016/12/30, 8, 
2016/12/31, 13, 
2017/1/1, 21, 
2017/1/2, 59, 
2016/7/2, 35, 
2016/7/3, 67, 
2016/7/4, 174, 
2016/7/5, 103, 
2016/7/6, 141, 
2016/7/7, 70, 
2016/7/8, 45, 
2016/7/9, 45, 
2016/7/10, 48, 
2016/7/11, 56, 
2016/7/12, 45, 
2016/7/13, 55, 
2016/7/14, 162, 
2016/7/15, 65, 
2016/7/16, 158, 
2016/7/17, 131, 
2016/7/18, 64, 
2016/7/19, 53, 
2016/7/20, 181, 
2016/7/21, 72, 
2016/7/22, 88, 
2016/7/23, 81, 
2016/7/24, 70, 
2016/7/25, 50, 
2016/7/26, 101, 
2016/7/27, 171, 
2016/7/28, 158, 
2016/7/29, 54, 
2016/7/30, 53, 
2016/7/31, 50, 
2016/8/1, 59, 
2016/8/2, 53, 
2016/8/3, 159, 
2016/8/4, 70, 
2016/8/5, 45, 
2016/8/6, 62, 
2016/8/7, 74, 
2016/8/8, 50, 
2016/8/9, 72, 
2016/8/10, 69, 
2016/8/11, 141, 
2016/8/12, 77, 
2016/8/13, 129, 
2016/8/14, 54, 
2016/8/15, 64, 
2016/8/16, 61, 
2016/8/17, 61, 
2016/8/18, 71, 
2016/8/19, 67, 
2016/8/20, 79, 
2016/8/21, 100, 
2016/8/22, 144, 
2016/8/23, 58, 
2016/8/24, 225, 
2016/8/25, 92, 
2016/8/26, 57, 
2016/8/27, 73, 
2016/8/28, 171, 
2016/8/29, 85, 
2016/8/30, 55, 
2016/8/31, 42, 
2016/9/1, 79, 
2016/9/2, 121, 
2016/9/3, 49, 
2016/9/4, 55, 
2016/9/5, 146, 
2016/9/6, 124, 
2016/9/7, 96, 
2016/9/8, 74, 
2016/9/9, 57, 
2016/9/10, 65, 
2016/9/11, 153, 
2016/9/12, 137, 
2016/9/13, 53, 
2016/9/14, 50, 
2016/9/15, 72, 
2016/9/16, 71, 
2016/9/17, 46, 
2016/9/18, 58, 
2016/9/19, 83, 
2016/9/20, 137, 
2016/9/21, 92, 
2016/9/22, 97, 
2016/9/23, 74, 
2016/9/24, 33, 
2016/9/25, 38, 
2016/9/26, 86, 
2016/9/27, 56, 
2016/9/28, 62, 
2016/9/29, 25, 
2016/9/30, 85, 
2016/10/1, 54, 
2016/4/2, 75, 
2016/4/3, 51, 
2016/4/4, 23, 
2016/4/5, 83, 
2016/4/6, 97, 
2016/4/7, 69, 
2016/4/8, 42, 
2016/4/9, 36, 
2016/4/10, 22, 
2016/4/11, 32, 
2016/4/12, 33, 
2016/4/13, 121, 
2016/4/14, 77, 
2016/4/15, 40, 
2016/4/16, 34, 
2016/4/17, 58, 
2016/4/18, 87, 
2016/4/19, 72, 
2016/4/20, 99, 
2016/4/21, 40, 
2016/4/22, 82, 
2016/4/23, 87, 
2016/4/24, 78, 
2016/4/25, 68, 
2016/4/26, 91, 
2016/4/27, 69, 
2016/4/28, 100, 
2016/4/29, 163, 
2016/4/30, 187, 129
2016/5/1, 171, 63
2016/5/2, 160, 31
2016/5/3, 124, 
2016/5/4, 104, 
2016/5/5, 66, 
2016/5/6, 150, 
2016/5/7, 166, 
2016/5/8, 108, 
2016/5/9, 145, 
2016/5/10, 90, 
2016/5/11, 89, 
2016/5/12, 130, 
2016/5/13, 116, 
2016/5/14, 150, 
2016/5/15, 118, 
2016/5/16, 130, 
2016/5/17, 160, 
2016/5/18, 138, 
2016/5/19, 172, 
2016/5/20, 159, 
2016/5/21, 122, 
2016/5/22, 159, 
2016/5/23, 183, 
2016/5/24, 158, 
2016/5/25, 156, 
2016/5/26, 96, 
2016/5/27, 75, 
2016/5/28, 97, 
2016/5/29, 168, 
2016/5/30, 69, 
2016/5/31, 121, 
2016/6/1, 67, 
2016/6/2, 147, 
2016/6/3, 165, 
2016/6/4, 133, 
2016/6/5, 92, 
2016/6/6, 164, 
2016/6/7, 76, 
2016/6/8, 115, 
2016/6/9, 80, 
2016/6/10, 114, 
2016/6/11, 174, 
2016/6/12, 48, 
2016/6/13, 102, 
2016/6/14, 83, 
2016/6/15, 227, 
2016/6/16, 134, 
2016/6/17, 116, 
2016/6/18, 91, 
2016/6/19, 49, 
2016/6/20, 57, 
2016/6/21, 178, 
2016/6/22, 97, 
2016/6/23, 169, 
2016/6/24, 71, 
2016/6/25, 85, 
2016/6/26, 42, 
2016/6/27, 36, 
2016/6/28, 109, 
2016/6/29, 87, 
2016/6/30, 78, 
2016/7/1, 141, 
2016/2/18, 30, 
2016/2/19, 49, 
2016/2/20, 51, 
2016/2/21, 37, 
2016/2/22, 46, 
2016/2/23, 28, 
2016/2/24, 28, 
2016/2/25, 39, 
2016/2/26, 44, 
2016/2/27, 43, 
2016/2/28, 56, 
2016/2/29, 34, 
2016/3/1, 25, 
2016/3/2, 23, 
2016/3/3, 24, 
2016/3/4, 21, 
2016/3/5, 21, 
2016/3/6, 23, 
2016/3/7, 23, 
2016/3/8, 21, 
2016/3/9, 48, 
2016/3/10, 39, 
2016/3/11, 32, 
2016/3/12, 52, 
2016/3/13, 32, 
2016/3/14, 40, 
2016/3/15, 21, 
2016/3/16, 20, 
2016/3/17, 17, 
2016/3/18, 45, 
2016/3/19, 58, 
2016/3/20, 22, 
2016/3/21, 18, 
2016/3/22, 23, 
2016/3/23, 50, 
2016/3/24, 57, 
2016/3/25, 24, 
2016/3/26, 26, 
2016/3/27, 67, 
2016/3/28, 58, 
2016/3/29, 53, 
2016/3/30, 50, 
2016/3/31, 46, 
2016/4/1, 98, 