date, pm25, pm10, o3, so2, co
2020/10/2, 53, 36, 28, , 2
2020/10/3, 63, 33, 26, , 2
2020/10/4, 59, 24, 25, 2, 2
2020/10/5, 34, 33, 30, 4, 3
2020/10/6, 50, 39, 31, 1, 130
2020/10/7, 50, 40, 22, , 1
2020/10/8, 50, 45, 22, 13, 1
2020/10/9, 52, 47, 25, 12, 
2020/10/10, 49, 48, 22, 1, 
2020/10/11, 45, 39, 22, , 
2020/10/12, 42, 32, 24, , 
2020/10/13, 38, 43, 22, , 
2020/10/14, 49, 43, 18, , 
2020/10/15, 57, 48, 29, , 6
2020/10/16, 61, 41, 13, 1, 
2020/10/17, 58, 38, 22, 1, 1
2020/10/18, 64, 34, 20, , 
2020/10/19, 55, 38, 22, 1, 4
2020/10/20, 39, 42, 27, 1, 
2020/10/21, 34, 45, 22, , 1
2020/10/22, 48, 47, 28, 2, 
2020/10/23, 49, 46, 27, , 
2020/10/24, 48, 39, 20, , 
2020/10/25, 38, 29, 14, , 
2020/10/26, 30, 28, 22, 1, 
2020/10/27, 36, 31, 8, , 1
2020/10/28, 35, 34, 19, , 
2020/10/29, 28, 35, 23, , 
2020/10/30, 34, 44, 26, , 
2020/10/31, 49, 45, 24, , 1
2020/11/1, 56, 36, 15, , 
2020/11/2, 52, 39, 22, , 1
2020/11/3, 48, 44, 30, , 1
2020/11/4, 53, 42, 18, , 5
2020/11/5, 50, 44, 22, 2, 1
2020/11/6, 41, 47, 31, , 1
2020/11/7, 53, 52, 30, , 
2020/11/8, 74, 41, 52, , 
2020/11/9, 43, 38, 27, , 
2020/11/10, 42, 47, 20, , 
2020/11/11, 53, 41, 16, , 
2020/11/12, 50, 40, 24, , 
2020/11/13, 47, 38, 7, , 
2020/11/14, 53, 30, 22, , 
2020/11/15, 43, 31, 20, , 1
2020/11/16, 34, 36, 23, , 
2020/11/17, 41, 37, 12, , 
2020/11/18, 50, 41, 24, , 6
2020/11/19, 50, 36, 9, , 
2020/11/20, 46, 23, 13, , 
2020/11/21, 32, 27, 22, 6, 
2020/11/22, 33, 29, 26, 1, 1
2020/11/23, 39, 30, 20, , 1
2020/11/24, 33, 33, 16, , 1
2020/11/25, 31, 46, 19, 1, 
2020/11/26, 30, 49, 21, , 6
2020/11/27, 37, 48, 24, , 1
2020/11/28, 51, 39, 22, , 1
2020/11/29, 42, 36, 21, , 1
2020/11/30, 31, 36, 26, , 1
2020/12/1, 31, 47, 22, , 1
2020/12/2, 47, 47, 27, , 2
2020/12/3, 46, 46, 24, , 4
2020/12/4, 41, 44, 23, , 1
2020/12/5, 27, 42, 22, , 2
2020/12/6, 47, 43, 27, , 2
2020/12/7, 53, 46, 21, , 4
2020/12/8, 49, 37, 28, , 2
2020/12/9, 35, 39, 34, , 2
2020/12/10, 39, 38, 16, , 2
2020/12/11, 35, 39, 25, , 1
2020/12/12, 31, 42, 20, , 2
2020/12/13, 33, 50, 22, , 1
2020/12/14, 30, 47, 19, , 2
2020/12/15, 29, 36, 22, , 2
2020/12/16, 23, 44, 33, , 2
2020/12/17, 44, 48, 26, , 2
2020/12/18, 46, 40, 16, , 2
2020/12/19, 36, 29, 19, , 2
2020/12/20, 30, 33, 25, , 1
2020/12/21, 31, 40, 32, , 1
2020/12/22, 36, 50, 33, , 2
2020/12/23, 45, 51, 21, , 1
2020/12/24, 47, 47, 28, , 2
2020/12/25, 41, 40, 29, , 2
2020/12/26, 34, 38, 18, , 2
2020/12/27, 32, 32, 16, , 2
2020/12/28, 36, 37, 22, , 2
2020/12/29, 30, 39, 24, , 2
2020/12/30, 30, 47, 23, 1, 1
2020/12/31, 27, 52, 28, , 2
2021/1/1, 42, 54, 22, , 2
2021/1/2, 56, 39, 16, , 1
2021/1/3, 48, 40, 27, , 1
2021/1/4, 45, , , , 
2020/7/2, 81, 49, 12, 15, 29
2020/7/3, 90, 69, 15, 12, 16
2020/7/4, 144, 39, 20, 2, 7
2020/7/5, 101, 21, 22, 2, 6
2020/7/6, 52, 50, 22, 1, 9
2020/7/7, 78, 83, 9, 1, 16
2020/7/8, 155, 68, 17, 4, 12
2020/7/9, 135, 51, 13, 9, 17
2020/7/10, 110, 91, 12, 5, 18
2020/7/12, 147, 55, 16, 19, 15
2020/7/13, 96, 71, 24, 5, 19
2020/7/14, 152, 74, 11, 10, 12
2020/7/15, 153, 59, 15, 4, 14
2020/7/16, 132, 73, 9, 14, 16
2020/7/17, 108, 89, 10, 8, 19
2020/7/18, 174, 75, 7, 9, 15
2020/7/19, 137, 77, 13, 11, 12
2020/7/20, 166, 34, 14, 5, 12
2020/7/21, 73, 35, 17, 5, 10
2020/7/22, 73, 47, 19, 3, 13
2020/7/23, 87, 63, 17, 2, 11
2020/7/24, 132, 75, 23, 5, 12
2020/7/25, 148, 102, 16, 16, 19
2020/7/26, 158, 96, 14, 19, 27
2020/7/27, 183, 58, 16, 3, 17
2020/7/28, 148, 43, 14, 8, 18
2020/7/29, 70, 82, 19, 9, 22
2020/7/30, 141, 82, 17, 11, 17
2020/7/31, 160, 95, 18, 13, 23
2020/8/1, 157, 92, 18, 2, 23
2020/8/2, 168, 65, 22, 4, 19
2020/8/3, 151, 48, 33, 10, 16
2020/8/4, 106, 54, 20, 3, 18
2020/8/5, 90, 43, 14, 9, 14
2020/8/6, 93, 29, 17, 5, 17
2020/8/7, 54, 48, 16, 4, 18
2020/8/8, 85, 65, 23, 4, 24
2020/8/9, 134, 61, 20, 4, 18
2020/8/10, 149, 34, 27, 2, 15
2020/8/11, 87, 34, 20, 2, 20
2020/8/12, 58, 49, 18, 2, 9
2020/8/13, 94, 50, 20, 2, 7
2020/8/14, 108, 34, 22, 2, 8
2020/8/15, 76, 26, 23, 2, 6
2020/8/16, 56, 44, 21, 5, 7
2020/8/17, 75, 51, 34, 2, 13
2020/8/18, 102, 64, 15, 2, 9
2020/8/19, 107, 67, 19, 2, 9
2020/8/20, 148, 76, 21, 9, 12
2020/8/21, 126, 79, 27, 15, 9
2020/8/22, 141, 71, 31, , 10
2020/8/23, 122, 55, 25, , 7
2020/8/24, 123, 34, 23, , 8
2020/8/25, 66, 35, 20, , 8
2020/8/26, 62, 27, 47, , 8
2020/8/27, 44, 37, 21, , 10
2020/8/28, 76, 31, 21, , 5
2020/8/29, 73, 19, 25, , 4
2020/8/30, 48, 27, 21, , 4
2020/8/31, 43, 45, 22, , 6
2020/9/1, 93, 49, 18, , 5
2020/9/2, 79, 51, 28, , 8
2020/9/3, 109, 47, 30, 1, 7
2020/9/4, 92, 54, 27, 3, 7
2020/9/5, 108, 47, 23, 1, 6
2020/9/6, 98, 42, 24, 2, 6
2020/9/7, 94, 33, 25, , 7
2020/9/8, 73, 36, 12, , 8
2020/9/9, 77, 31, 54, 3, 8
2020/9/10, 72, 30, 23, , 5
2020/9/11, 61, 27, 20, , 4
2020/9/12, 51, 33, 25, , 4
2020/9/13, 68, 25, 23, , 5
2020/9/14, 55, 35, 24, , 7
2020/9/15, 64, 42, 24, , 6
2020/9/16, 71, 44, 32, 2, 8
2020/9/17, 80, 42, 21, 1, 3
2020/9/18, 72, 31, 19, , 3
2020/9/19, 55, 28, 21, , 4
2020/9/20, 51, 30, 26, , 3
2020/9/21, 55, 39, 49, 1, 5
2020/9/22, 63, 50, 29, 4, 5
2020/9/23, 77, 56, 27, , 7
2020/9/24, 83, 55, 31, , 6
2020/9/25, 71, 32, 14, , 6
2020/9/26, 60, 18, 26, , 6
2020/9/27, 45, 23, 25, , 6
2020/9/28, 55, 30, 27, , 7
2020/9/29, 55, 27, 24, , 7
2020/9/30, 47, 28, 19, 1, 7
2020/10/1, 56, 31, 21, , 5
2020/4/2, 59, 70, 31, 1, 4
2020/4/3, 69, 80, 40, 1, 3
2020/4/4, 59, 65, 27, 1, 3
2020/4/5, 61, 51, 24, 1, 3
2020/4/6, 41, 53, 24, 3, 3
2020/4/7, 35, 60, 36, 1, 7
2020/4/8, 62, 62, 53, 1, 4
2020/4/9, 69, 56, 32, 1, 4
2020/4/10, 64, 49, 31, 1, 4
2020/4/11, 58, 50, 24, 2, 5
2020/4/12, 62, 50, 27, 1, 6
2020/4/13, 77, 53, 50, 2, 5
2020/4/14, 60, 56, 37, 1, 5
2020/4/15, 63, 62, 35, 1, 6
2020/4/17, 73, 67, 32, 2, 5
2020/4/18, 79, 61, 24, 2, 6
2020/4/19, 69, 56, 20, 1, 6
2020/4/20, 53, 61, 40, 1, 6
2020/4/21, 47, 74, 20, 2, 7
2020/4/22, 61, 69, 31, 1, 8
2020/4/23, 70, 59, 21, 1, 6
2020/4/24, 67, 54, 14, 1, 7
2020/4/25, 67, 54, 21, 2, 8
2020/4/26, 66, 54, 17, 1, 6
2020/4/27, 59, 49, 17, 11, 6
2020/4/28, 56, 31, 35, 9, 11
2020/4/29, 36, 42, 16, 1, 8
2020/4/30, 47, 52, 20, 1, 8
2020/5/1, 61, 59, 27, 2, 8
2020/5/2, 76, 60, 23, 1, 8
2020/5/3, 77, 61, 17, 1, 9
2020/5/4, 118, 38, 30, 1, 10
2020/5/6, 58, 58, 14, 4, 12
2020/5/7, 70, 74, 25, 2, 10
2020/5/8, 91, 72, 30, 2, 9
2020/5/9, 101, 63, 27, 2, 10
2020/5/10, 91, 52, 20, 2, 10
2020/5/11, 80, 41, 15, 2, 8
2020/5/12, 55, 54, 10, 1, 10
2020/5/13, 70, 60, 14, 1, 11
2020/5/14, 108, 65, 24, 3, 13
2020/5/15, 94, 71, 22, 13, 10
2020/5/16, 112, 70, 14, 6, 10
2020/5/17, 111, 63, 19, 2, 10
2020/5/18, 105, 55, 12, 2, 11
2020/5/19, 85, 61, 21, 1, 15
2020/5/20, 105, 68, 11, 1, 14
2020/5/21, 125, 54, 15, 3, 15
2020/5/22, 127, 47, 12, 15, 13
2020/5/23, 85, 61, 19, 4, 18
2020/5/24, 106, 61, 18, 14, 16
2020/5/25, 145, 52, 8, 2, 14
2020/5/26, 88, 55, 20, 3, 14
2020/5/27, 90, 54, 16, 2, 15
2020/5/28, 83, 69, 5, 1, 15
2020/5/29, 129, 65, 2, 1, 17
2020/5/30, 151, 49, 4, 2, 18
2020/5/31, 95, 62, 17, 3, 22
2020/6/1, 134, 69, 19, 2, 17
2020/6/2, 151, 84, 74, 2, 18
2020/6/3, 156, 78, 11, 1, 8
2020/6/4, 161, 62, 15, 1, 8
2020/6/5, 150, 70, 16, 1, 10
2020/6/6, 128, 80, 19, 1, 13
2020/6/7, 156, 87, 20, 5, 13
2020/6/8, 163, 81, 36, 11, 10
2020/6/9, 159, 74, 16, 7, 10
2020/6/10, 150, 77, 19, 2, 11
2020/6/11, 140, 78, 18, 1, 17
2020/6/12, 157, 52, 20, 2, 7
2020/6/13, 95, 56, 14, 14, 
2020/6/14, 94, 67, 14, 1, 17
2020/6/15, 154, 63, 15, 2, 21
2020/6/16, 133, 64, 8, 2, 17
2020/6/17, 123, 54, 13, 1, 14
2020/6/18, 120, 57, 26, 4, 12
2020/6/19, 86, 59, 17, 11, 12
2020/6/20, 121, 55, 16, 16, 13
2020/6/21, 90, 50, 16, 12, 11
2020/6/22, 84, 46, 38, 6, 18
2020/6/23, 109, 25, 21, 2, 9
2020/6/24, 68, 15, 20, 2, 10
2020/6/25, 51, 67, 14, 3, 23
2020/6/26, 84, 53, 16, 3, 20
2020/6/27, 123, 71, 10, 13, 28
2020/6/28, 100, 83, 11, 4, 27
2020/6/29, 167, 59, 19, 2, 17
2020/6/30, 154, 52, 26, 14, 18
2020/1/2, 48, 52, 29, 1, 4
2020/1/3, 37, 55, 39, 1, 5
2020/1/4, 36, 48, 29, 1, 5
2020/1/5, 36, 45, 22, 1, 5
2020/1/6, 33, 42, 27, 1, 4
2020/1/7, 40, 47, 23, 1, 4
2020/1/8, 32, 39, 15, 1, 4
2020/1/9, 14, 35, 39, 1, 7
2020/1/10, 15, 37, 33, 1, 3
2020/1/11, 26, 40, 39, 1, 4
2020/1/12, 27, 42, 39, 1, 5
2020/1/13, 34, 40, 49, 1, 9
2020/1/14, 39, 49, 35, 1, 6
2020/1/15, 39, 64, 24, 1, 5
2020/1/16, 23, 62, 35, 1, 5
2020/1/17, 36, 58, 39, 1, 5
2020/1/18, 48, 55, 38, 1, 6
2020/1/19, 49, 50, 26, 1, 6
2020/1/20, 46, 47, 40, 1, 9
2020/1/21, 43, 58, 37, 1, 6
2020/1/22, 48, 53, 26, 1, 5
2020/1/23, 42, 49, 23, 1, 6
2020/1/24, 37, 47, 38, 1, 6
2020/1/25, 25, 46, 39, 1, 5
2020/1/26, 37, 45, 30, 1, 4
2020/1/27, 38, 45, 32, 1, 5
2020/1/28, 21, 54, 39, 1, 8
2020/1/29, 42, 49, 24, 1, 5
2020/1/30, 30, 51, 33, 1, 5
2020/1/31, 38, 50, 40, 1, 5
2020/2/1, 36, 47, 30, 1, 5
2020/2/2, 42, 42, 27, 1, 5
2020/2/3, 22, 38, 38, 1, 4
2020/2/4, 16, 39, 23, 1, 4
2020/2/5, 16, 41, 28, 1, 4
2020/2/6, 19, 39, 26, 1, 4
2020/2/7, 18, 45, 34, 1, 11
2020/2/8, 27, 45, 41, 1, 5
2020/2/9, 30, 44, 17, 1, 5
2020/2/10, 37, 50, , , 
2020/2/11, 38, 53, , , 
2020/2/12, 51, 54, , , 
2020/2/13, 56, 52, , , 
2020/2/14, 56, 48, , , 
2020/2/15, 44, 51, , , 
2020/2/16, 51, 40, , , 
2020/2/17, 41, 35, , , 
2020/2/18, 18, 49, , , 
2020/2/19, 32, 55, , , 
2020/2/20, 58, 61, , , 
2020/2/21, 61, 55, , , 
2020/2/22, 51, 48, , , 
2020/2/23, 42, 46, , , 
2020/2/24, 40, 49, 19, 1, 14
2020/2/25, 45, 52, 30, 1, 15
2020/2/26, 49, 60, 40, 1, 11
2020/2/27, 21, 55, 35, 1, 
2020/2/28, 4, 61, 48, 1, 2
2020/2/29, 5, 52, 34, 1, 3
2020/3/1, 18, 10, 22, 1, 1
2020/3/2, 65, 5, 32, 1, 
2020/3/3, 53, 43, 56, 2, 1
2020/3/4, 40, 54, 32, 1, 1
2020/3/5, 52, 67, 38, 1, 1
2020/3/6, 60, 67, 38, 1, 9
2020/3/7, 66, 55, 30, 1, 4
2020/3/8, 53, 43, 34, 1, 2
2020/3/9, 33, 59, 61, 1, 3
2020/3/10, 39, 69, 38, 3, 3
2020/3/11, 49, 63, 27, 1, 3
2020/3/12, 45, 49, 25, 1, 5
2020/3/13, 30, 44, 20, 1, 2
2020/3/14, 32, 46, 26, 1, 2
2020/3/15, 23, 46, 28, 1, 1
2020/3/16, 36, 51, 25, 1, 5
2020/3/17, 31, 50, 28, 1, 2
2020/3/18, 34, 54, 32, 1, 2
2020/3/19, 39, 57, 34, 1, 2
2020/3/20, 36, 61, 35, 1, 2
2020/3/21, 45, 49, 22, 1, 2
2020/3/22, 38, 38, 22, 1, 2
2020/3/23, 41, 46, 24, 1, 2
2020/3/24, 26, 55, 37, 1, 6
2020/3/25, 29, 51, 24, 1, 4
2020/3/26, 29, 57, 27, 1, 4
2020/3/27, 44, 54, 14, 1, 4
2020/3/28, 49, 57, 27, 1, 5
2020/3/29, 63, 53, 22, 1, 4
2020/3/30, 68, 49, 27, 1, 5
2020/3/31, 42, 58, 37, 1, 8
2020/4/1, 54, 64, 28, 1, 3
2019/10/2, 28, 22, 22, 1, 6
2019/10/3, 33, 28, 25, 1, 9
2019/10/4, 40, 27, 10, 1, 5
2019/10/5, 41, 32, 9, 1, 5
2019/10/6, 51, 29, 10, 5, 5
2019/10/7, 55, 27, 10, 3, 6
2019/10/8, 23, 40, 9, 7, 9
2019/10/9, 30, 50, 7, 1, 7
2019/10/10, 51, 53, 30, 1, 8
2019/10/11, 55, 54, 15, 1, 8
2019/10/12, 56, 52, 15, 1, 7
2019/10/13, 54, 55, 18, 1, 8
2019/10/14, 73, 43, 15, 2, 6
2019/10/15, 52, 33, 22, 1, 7
2019/10/16, 47, 33, 17, 1, 11
2019/10/17, 32, 33, 42, 1, 6
2019/10/18, 24, 37, 29, 1, 7
2019/10/19, 38, , 20, 1, 7
2019/10/23, 16, 38, 33, 1, 5
2019/10/24, 28, 43, 27, 1, 6
2019/10/25, 46, 41, 28, 6, 6
2019/10/26, 34, 35, 27, 1, 5
2019/10/27, 23, 27, 12, 1, 6
2019/10/28, 16, 30, 43, 1, 8
2019/10/29, 19, 35, 20, 3, 4
2019/10/30, 11, 32, 27, 2, 5
2019/10/31, 14, 31, 30, 1, 5
2019/11/1, 26, 26, 22, 1, 
2019/11/2, 20, 22, 26, 2, 
2019/11/3, 7, 30, 28, 1, 
2019/11/4, 19, 29, 19, 2, 6
2019/11/5, 20, 31, 25, 4, 4
2019/11/6, 23, 41, 37, 4, 3
2019/11/9, 31, 56, 32, 1, 7
2019/11/10, 39, 44, 34, 1, 6
2019/11/11, 29, 52, 24, 1, 11
2019/11/12, 42, 49, 30, 11, 7
2019/11/13, 31, 44, 30, 1, 7
2019/11/14, 29, 46, 48, 1, 5
2019/11/15, 29, 45, 26, 1, 6
2019/11/16, 25, 40, 22, 1, 6
2019/11/17, 16, 32, 27, 1, 5
2019/11/18, 10, 42, 35, 2, 6
2019/11/19, 17, 54, 66, 14, 10
2019/11/20, 33, 49, 30, 1, 5
2019/11/21, 32, 51, 30, 2, 5
2019/11/22, 27, 54, 28, 2, 6
2019/11/23, 47, 41, 15, 1, 6
2019/11/24, 25, 27, 20, 1, 5
2019/11/25, 19, 29, 17, 12, 5
2019/11/26, 14, 37, 23, 5, 7
2019/11/27, 17, 48, 27, 7, 4
2019/11/28, 20, 48, 52, 3, 5
2019/11/29, 22, 36, 26, 1, 4
2019/11/30, 15, 34, 28, 6, 4
2019/12/1, 18, 41, 32, 1, 4
2019/12/2, 28, 46, 32, 7, 4
2019/12/3, 40, 47, 33, 5, 7
2019/12/4, 34, 49, 33, 2, 3
2019/12/5, 29, 48, 32, 10, 3
2019/12/6, 34, 48, 32, 1, 4
2019/12/7, 32, 45, 28, 2, 4
2019/12/8, 34, 35, 32, 1, 4
2019/12/9, 29, 45, 29, 1, 5
2019/12/10, 29, 48, 30, 1, 5
2019/12/11, 25, 45, 29, 16, 4
2019/12/12, 22, 42, 84, 1, 4
2019/12/13, 16, 48, 35, 1, 4
2019/12/14, 26, 34, 24, 2, 5
2019/12/15, 24, 25, 26, 2, 5
2019/12/16, 21, 31, 32, 2, 4
2019/12/17, 22, 38, 33, 1, 5
2019/12/18, 26, 37, 25, 1, 4
2019/12/19, 30, 38, 20, 2, 5
2019/12/20, 19, 39, 26, 8, 5
2019/12/21, 20, 35, 33, 2, 8
2019/12/22, 16, 32, 34, 1, 4
2019/12/23, 15, 36, 33, 1, 4
2019/12/24, 19, 41, 16, 1, 5
2019/12/25, 14, 32, 25, 1, 5
2019/12/26, 11, 38, 51, 2, 4
2019/12/27, 15, 50, 40, 1, 9
2019/12/28, 30, 49, 27, 6, 4
2019/12/29, 34, 38, , , 
2019/12/30, 28, , , , 
2019/7/2, 91, 67, 11, 1, 12
2019/7/3, 150, 68, 10, 1, 11
2019/7/4, 141, 56, 6, 1, 7
2019/7/5, 124, 52, 3, 1, 23
2019/7/6, 91, 81, 10, 1, 21
2019/7/7, 146, 84, 11, 1, 14
2019/7/8, 162, 71, 8, 1, 12
2019/7/9, 157, 68, 17, 1, 7
2019/7/10, 117, 80, 7, 2, 8
2019/7/11, 154, 81, 10, 1, 6
2019/7/12, 164, 80, 14, 3, 4
2019/7/13, 158, 87, 17, 5, 5
2019/7/14, 158, 72, 17, 7, 4
2019/7/15, 160, 59, 16, 7, 14
2019/7/16, 96, 69, 19, 2, 16
2019/7/17, 138, 80, 11, 1, 9
2019/7/18, 149, 76, 10, 1, 8
2019/7/19, 156, 63, 7, 12, 20
2019/7/20, 121, 83, 8, 5, 28
2019/7/21, 160, 65, 19, 1, 15
2019/7/22, 147, 46, 38, 1, 13
2019/7/23, 88, 53, 13, 1, 13
2019/7/24, 105, 64, 12, 1, 16
2019/7/25, 121, 77, 18, 1, 13
2019/7/26, 156, 76, 19, 3, 15
2019/7/27, 153, 88, 10, 9, 19
2019/7/28, 154, 86, 9, 2, 17
2019/7/29, 171, 68, 13, 6, 14
2019/7/30, 138, 65, 14, 15, 10
2019/7/31, 132, 51, 13, 2, 8
2019/8/1, 88, 37, 19, 2, 6
2019/8/2, 76, 38, 12, , 13
2019/8/3, 53, 65, 9, , 23
2019/8/4, 115, 64, 19, 2, 16
2019/8/5, 144, 52, 29, 12, 8
2019/8/6, 112, 54, 13, 3, 10
2019/8/7, 86, 59, 13, 2, 15
2019/8/8, 99, 63, 17, 2, 9
2019/8/9, 118, 66, 22, 2, 11
2019/8/10, 143, 62, 15, 12, 11
2019/8/11, 138, 51, 21, 3, 9
2019/8/12, 116, 40, 37, 2, 8
2019/8/13, 70, 72, 9, 2, 17
2019/8/14, 98, 84, 20, 2, 17
2019/8/15, 152, 62, 14, 3, 11
2019/8/16, 120, 55, 16, 2, 13
2019/8/17, 98, 54, 18, 3, 9
2019/8/18, 107, 42, 9, 2, 8
2019/8/19, 84, 47, 10, 9, 9
2019/8/20, 81, 56, 36, 15, 10
2019/8/21, 89, 56, 10, 2, 9
2019/8/22, 98, 48, 13, 17, 15
2019/8/23, 93, 57, 19, 2, 9
2019/8/24, 92, 59, 23, 3, 11
2019/8/25, 100, 57, 20, 4, 11
2019/8/26, 93, 69, 14, 17, 13
2019/8/27, 99, 62, 13, 13, 10
2019/8/28, 107, 55, 26, 2, 8
2019/8/29, 75, 34, 13, 2, 6
2019/8/30, 43, 31, 17, 6, 6
2019/8/31, 45, 42, 18, 2, 7
2019/9/1, 61, 46, 18, 2, 8
2019/9/2, 78, 44, 16, 2, 7
2019/9/3, 65, 58, 23, 2, 9
2019/9/4, 76, 61, 40, 2, 13
2019/9/5, 93, 44, 23, 2, 7
2019/9/6, 68, 48, 13, 2, 6
2019/9/7, 54, 46, 14, 1, 6
2019/9/8, 81, 22, 18, 1, 5
2019/9/9, 55, 19, 18, 1, 5
2019/9/10, 27, 30, 19, 2, 8
2019/9/11, 52, 25, 16, 1, 8
2019/9/12, 55, 32, 23, 6, 5
2019/9/13, 46, 39, 27, 1, 8
2019/9/14, 57, 40, 17, 4, 8
2019/9/15, 57, 31, 19, 1, 7
2019/9/16, 65, 23, 69, 1, 10
2019/9/17, 28, 41, 22, 1, 8
2019/9/18, 56, 42, 23, 1, 7
2019/9/19, 75, 25, 22, 1, 7
2019/9/20, 44, 22, 22, 2, 7
2019/9/21, 30, 31, 22, 7, 7
2019/9/22, 36, 38, 33, 1, 9
2019/9/23, 64, 39, 26, 1, 8
2019/9/24, 50, 46, 36, 1, 8
2019/9/25, 65, 53, 34, 1, 12
2019/9/26, 71, 40, 15, 1, 8
2019/9/27, 65, 28, 21, 1, 8
2019/9/28, 51, 35, 32, 1, 8
2019/9/29, 55, 33, 23, 1, 8
2019/9/30, 54, 19, 15, 1, 7
2019/10/1, 25, 15, 20, 1, 6
2019/4/2, 54, 58, 34, 5, 12
2019/4/3, 75, 49, 22, 17, 15
2019/4/4, 58, 41, 63, 12, 8
2019/4/5, 52, 53, 23, 2, 9
2019/4/6, 51, 62, 35, 2, 9
2019/4/7, 58, 54, 40, 2, 8
2019/4/8, 58, 48, 27, 2, 9
2019/4/9, 59, 45, 21, 4, 14
2019/4/10, 58, 52, 27, 1, 10
2019/4/11, 63, 58, 36, 2, 9
2019/4/12, 81, 47, 12, 1, 10
2019/4/13, 73, 65, 17, , 13
2019/4/14, 84, 68, 16, , 12
2019/4/15, 120, 51, 16, , 12
2019/4/16, 60, 66, 43, 1, 13
2019/4/17, 60, 70, 29, 5, 13
2019/4/18, 80, 69, 23, , 12
2019/4/19, 79, 42, 12, , 11
2019/4/20, 55, 39, 27, , 10
2019/4/21, 55, 43, 24, , 10
2019/4/22, 60, 50, 23, , 10
2019/4/23, 66, 54, 19, , 17
2019/4/24, 78, 55, 21, , 23
2019/4/25, 93, 59, 15, , 4
2019/4/26, 119, 57, 21, , 4
2019/4/27, 93, 63, 30, , 4
2019/4/28, 97, 55, 26, , 2
2019/4/29, 88, 50, 20, , 1
2019/4/30, 64, 65, 18, , 2
2019/5/1, 75, 67, 22, , 3
2019/5/2, 89, 81, 7, , 6
2019/5/3, 93, 108, 1, , 12
2019/5/4, 154, 97, 4, , 8
2019/5/5, 163, 68, 6, , 7
2019/5/6, 138, 49, 16, , 3
2019/5/7, 72, 55, 3, , 7
2019/5/8, 83, 49, 3, , 4
2019/5/9, 84, 55, 18, , 2
2019/5/10, 76, 60, 12, , 5
2019/5/11, 96, 65, 18, 1, 6
2019/5/12, 93, 61, 14, 2, 4
2019/5/13, 114, 66, 12, 1, 5
2019/5/14, 84, 81, 16, 1, 5
2019/5/15, 107, 76, 22, 1, 5
2019/5/16, 112, 82, 20, , 8
2019/5/17, 110, 82, 13, , 6
2019/5/18, 155, 39, 8, , 2
2019/5/19, 66, 40, 8, , 3
2019/5/20, 81, 42, 9, , 4
2019/5/21, 97, 49, 10, , 5
2019/5/22, 87, 69, 16, 1, 5
2019/5/23, 137, 76, 16, 4, 5
2019/5/24, 135, 93, 18, 7, 12
2019/5/25, 148, 106, 15, 1, 12
2019/5/26, 172, 79, 15, , 9
2019/5/27, 161, 67, 13, , 15
2019/5/28, 139, 67, 15, 1, 8
2019/5/29, 108, 55, 32, 1, 3
2019/5/30, 94, 27, 10, , 10
2019/5/31, 39, 28, 16, , 11
2019/6/1, 76, 47, 6, , 13
2019/6/2, 62, 68, 13, , 20
2019/6/3, 149, 59, 6, , 13
2019/6/4, 102, 89, 21, 5, 22
2019/6/5, 127, 91, 6, , 16
2019/6/6, 163, 69, 13, 1, 11
2019/6/7, 149, 43, 11, 1, 5
2019/6/8, 76, 57, 8, , 10
2019/6/9, 92, 64, 10, , 9
2019/6/10, 150, 52, 6, , 11
2019/6/11, 95, 72, 6, , 13
2019/6/12, 152, 47, 20, , 6
2019/6/13, 105, 20, 15, 1, 8
2019/6/14, 46, 27, 10, , 7
2019/6/15, 52, 46, 14, , 8
2019/6/16, 94, 58, 16, 1, 8
2019/6/17, 107, 51, 20, , 9
2019/6/18, 118, 38, 14, , 5
2019/6/19, 74, 76, 6, 1, 15
2019/6/20, 112, 84, 10, 1, 17
2019/6/21, 161, 84, 11, 1, 6
2019/6/22, 153, 79, 14, 5, 11
2019/6/23, 159, 80, 10, 1, 16
2019/6/24, 152, 73, 15, 1, 13
2019/6/25, 162, 62, 13, 1, 5
2019/6/26, 143, 78, 7, 1, 10
2019/6/27, 145, 100, 4, 1, 12
2019/6/28, 164, 103, 2, 1, 14
2019/6/29, 171, 78, 12, 1, 4
2019/6/30, 155, 39, 10, 1, 6
2019/7/1, 87, 54, 7, 1, 9
2019/1/2, 55, 61, 25, 7, 6
2019/1/3, 29, 62, 38, 10, 12
2019/1/4, 34, 56, 41, 7, 7
2019/1/5, 51, 54, 28, 7, 9
2019/1/6, 76, 36, 20, 7, 7
2019/1/7, 51, 37, 17, 7, 7
2019/1/8, 34, 30, 26, 7, 7
2019/1/9, 23, 35, 18, 7, 8
2019/1/10, 23, 36, 29, 7, 7
2019/1/11, 26, 39, 24, 7, 7
2019/1/12, 31, 35, 19, 7, 8
2019/1/13, 26, 27, 22, 7, 8
2019/1/14, 17, 33, 22, 7, 8
2019/1/15, 25, 40, 32, 7, 8
2019/1/16, 34, 43, 38, 12, 15
2019/1/17, 42, 44, 28, 8, 10
2019/1/18, 30, 56, 40, 8, 24
2019/1/19, 45, 52, 26, 8, 4
2019/1/20, 57, 42, 26, 7, 3
2019/1/21, 48, 43, 33, 8, 3
2019/1/22, 48, 46, 46, 10, 7
2019/1/23, 37, 50, 34, 6, 3
2019/1/25, 49, 52, 45, 8, 5
2019/1/26, 54, 55, 38, 8, 5
2019/1/27, 51, 48, 35, 8, 4
2019/1/28, 44, 46, 34, 8, 4
2019/1/29, 38, 49, 39, 9, 9
2019/1/30, 46, 51, 31, 6, 4
2019/1/31, 47, 54, 30, 7, 4
2019/2/1, 40, 58, 41, 7, 6
2019/2/2, 40, 56, 34, 4, 6
2019/2/3, 58, 48, 30, 5, 6
2019/2/4, 48, 47, 32, 5, 5
2019/2/5, 47, 58, 40, 8, 11
2019/2/6, 53, 66, 20, 4, 6
2019/2/7, 65, 62, 15, 4, 6
2019/2/8, 64, 56, 19, 4, 5
2019/2/9, 58, 54, 19, 4, 5
2019/2/10, 52, 51, 15, 4, 5
2019/2/11, 62, 47, 5, 4, 5
2019/2/12, 59, 47, 13, 4, 5
2019/2/13, 40, 43, 41, 7, 19
2019/2/14, 30, 51, 38, 6, 6
2019/2/15, 40, 54, 32, 5, 7
2019/2/16, 58, 47, 19, 4, 5
2019/2/17, 51, 51, 37, 5, 6
2019/2/18, 69, 53, 39, 5, 6
2019/2/19, 63, 43, 42, 8, 11
2019/2/20, 62, 9, 25, 5, 6
2019/2/21, 45, 2, 17, 5, 6
2019/2/22, 27, 19, 27, 5, 6
2019/2/23, 35, 38, 24, 5, 6
2019/2/24, 9, 37, 25, 5, 5
2019/2/25, 6, 44, 41, 5, 6
2019/2/26, 10, 56, 31, 11, 26
2019/2/27, 64, 58, 38, 5, 6
2019/2/28, 59, 51, 32, 5, 6
2019/3/1, 53, 48, 35, 5, 7
2019/3/2, 47, 52, 32, 4, 7
2019/3/3, 51, 41, 25, 4, 6
2019/3/4, 45, 41, 32, 7, 10
2019/3/5, 41, 47, 24, 5, 6
2019/3/6, 32, 54, 29, 5, 6
2019/3/7, 41, 44, 24, 5, 6
2019/3/8, 29, 44, 26, 4, 6
2019/3/9, 27, 44, 26, 4, 6
2019/3/10, 37, 44, 23, 3, 6
2019/3/11, 39, 51, 28, 3, 7
2019/3/12, 41, 62, 45, 6, 9
2019/3/13, 51, 58, 33, 5, 6
2019/3/14, 53, 53, 28, 5, 6
2019/3/15, 43, 53, 29, 5, 7
2019/3/16, 43, 48, 28, 5, 6
2019/3/17, 44, 39, 31, 5, 6
2019/3/18, 36, 67, 24, 5, 6
2019/3/19, 39, 66, 21, 5, 5
2019/3/20, 38, 59, 39, 7, 12
2019/3/21, 38, 63, 42, 5, 9
2019/3/22, 62, 68, 30, 5, 9
2019/3/23, 74, 61, 31, 5, 9
2019/3/24, 69, 51, 31, 5, 9
2019/3/25, 63, 53, 36, 5, 9
2019/3/26, 59, 56, 30, 7, 16
2019/3/27, 55, 50, 24, 4, 11
2019/3/28, 50, 48, 30, 4, 9
2019/3/29, 44, 53, 34, 4, 11
2019/3/30, 59, 69, 27, 4, 12
2019/3/31, 78, 51, 26, 4, 10
2019/4/1, 83, 39, 31, 4, 10
2018/10/2, 24, 22, 17, 9, 18
2018/10/3, 42, 33, 13, 5, 12
2018/10/4, 56, 45, 8, 5, 14
2018/10/5, 73, 41, 5, 4, 13
2018/10/6, 60, 41, 12, 4, 13
2018/10/7, 61, 32, 5, 4, 13
2018/10/8, 58, 20, 5, 4, 12
2018/10/9, 42, 15, 10, 4, 11
2018/10/10, 26, 28, 26, 8, 18
2018/10/11, 34, 40, 4, 5, 13
2018/10/12, 72, 34, 6, 4, 11
2018/10/13, 52, 34, 11, 4, 11
2018/10/14, 57, 34, 2, 4, 11
2018/10/15, 61, 27, , 5, 11
2018/10/16, 44, 21, 18, 5, 11
2018/10/17, 22, 26, 3, 4, 12
2018/10/18, 33, 28, 6, 4, 11
2018/10/19, 30, 25, 1, 8, 18
2018/10/20, 24, 27, , 4, 11
2018/10/21, 25, 27, , 4, 11
2018/10/22, 24, 28, 8, 7, 15
2018/10/23, 20, 39, 25, 3, 11
2018/10/24, 36, 33, 26, 3, 10
2018/10/25, 41, 25, 29, 3, 11
2018/10/26, 34, 29, 34, 3, 11
2018/10/27, 32, 35, 9, 3, 11
2018/10/28, 33, 37, , 3, 12
2018/10/29, 55, 20, 20, 5, 11
2018/10/30, 30, 12, 15, 3, 4
2018/10/31, 11, 17, 24, 3, 4
2018/11/1, 19, 30, 10, 3, 6
2018/11/2, 29, 35, 15, 3, 5
2018/11/3, 55, 20, 23, 3, 4
2018/11/4, 29, 13, 24, 3, 3
2018/11/5, 22, 22, 35, 3, 3
2018/11/6, 16, 29, 27, 3, 4
2018/11/7, 22, 32, 35, 4, 4
2018/11/8, 26, 37, 37, 7, 13
2018/11/9, 37, 35, 29, 3, 4
2018/11/10, 37, 28, 15, 3, 5
2018/11/11, 27, 21, 18, 3, 4
2018/11/12, 15, 20, 18, 3, 4
2018/11/13, 14, 23, 17, 2, 4
2018/11/14, 14, 23, 27, 3, 4
2018/11/15, 24, 22, 29, 6, 8
2018/11/16, 24, 23, 32, 5, 4
2018/11/17, 21, 20, 20, 5, 4
2018/11/18, 14, 21, 27, 5, 4
2018/11/19, 13, 27, 31, 6, 4
2018/11/20, 16, 34, 34, 5, 4
2018/11/21, 28, 34, 28, 5, 4
2018/11/22, 28, 33, 31, 5, 4
2018/11/23, 26, 33, 21, 8, 8
2018/11/24, 25, , , , 
2018/11/27, 31, 41, 47, 5, 4
2018/11/28, 39, 47, 32, 6, 3
2018/11/29, 49, 42, 33, 8, 9
2018/11/30, 42, 41, 24, 5, 4
2018/12/1, 42, 43, 26, 5, 4
2018/12/2, 47, 36, 26, 5, 4
2018/12/3, 45, 39, 23, 5, 3
2018/12/4, 38, 35, 23, 8, 9
2018/12/5, 31, 40, 29, 5, 5
2018/12/6, 38, 47, 37, 6, 4
2018/12/7, 51, 44, 22, 5, 5
2018/12/8, 52, 33, 23, 5, 4
2018/12/9, 41, 26, 29, 5, 4
2018/12/10, 26, 33, 40, 8, 9
2018/12/11, 25, 31, 24, 5, 4
2018/12/12, 22, 31, 29, 5, 4
2018/12/13, 21, , 20, 5, 3
2018/12/14, 22, 28, 26, 5, 3
2018/12/15, 21, 37, 32, 6, 4
2018/12/16, 31, 38, 33, 6, 5
2018/12/17, 56, 35, 26, 6, 6
2018/12/18, 35, 45, 41, 8, 11
2018/12/19, 41, 48, 27, 6, 6
2018/12/20, 55, 40, 24, 6, 6
2018/12/21, 48, 43, 23, 6, 6
2018/12/22, 40, 39, 19, 6, 6
2018/12/23, 48, 35, 20, 6, 11
2018/12/24, 51, 40, 18, 6, 9
2018/12/25, 52, 35, 19, 6, 7
2018/12/26, 54, 35, 43, 8, 11
2018/12/27, 45, 38, 20, 7, 7
2018/12/28, 35, 38, 40, 7, 6
2018/12/29, 34, 39, 21, 6, 6
2018/12/30, 30, 32, 15, 7, 6
2018/12/31, 20, , , , 
2018/7/2, 150, 46, , , 
2018/7/3, 85, 54, , , 
2018/7/4, 107, 48, , , 
2018/7/5, 103, 23, , , 
2018/7/6, 42, 36, , , 
2018/7/7, 53, 51, , , 
2018/7/8, 106, 53, , , 
2018/7/9, 84, 60, , , 
2018/7/10, 125, 50, , , 
2018/7/11, 105, 58, , , 
2018/7/12, 97, 69, , , 
2018/7/13, 140, 78, , , 
2018/7/14, 151, 72, , , 
2018/7/15, 149, 45, , , 
2018/7/16, 91, 26, , , 
2018/7/17, 57, 37, , , 
2018/7/18, 67, 45, , , 
2018/7/19, 74, 67, , , 
2018/7/20, 136, 68, , , 
2018/7/21, 151, 81, , , 
2018/7/22, 153, 66, , , 
2018/7/23, 156, 63, , , 
2018/7/24, 87, 89, , , 
2018/7/25, 159, 106, , , 
2018/7/26, 164, 101, , , 
2018/7/27, 175, 77, , , 
2018/7/28, 150, 70, , , 
2018/7/29, 148, 67, , , 
2018/7/30, 146, 63, , , 
2018/7/31, 142, 63, , , 
2018/8/1, 123, 70, , , 
2018/8/2, 146, 67, , , 
2018/8/3, 154, 71, , , 
2018/8/4, 153, 66, , , 
2018/8/5, 141, 75, , , 
2018/8/6, 144, 97, , , 
2018/8/7, 165, 58, , , 
2018/8/8, 121, 39, , , 
2018/8/9, 58, 64, , , 
2018/8/10, 104, 70, , , 
2018/8/11, 143, 71, , , 
2018/8/12, 151, 65, , , 
2018/8/13, 127, 40, , , 
2018/8/14, 88, 39, , , 
2018/8/15, 52, 54, , , 
2018/8/16, 90, 57, , , 
2018/8/17, 84, 63, , , 
2018/8/18, 117, 47, , , 
2018/8/19, 108, 26, , , 
2018/8/20, 47, 58, , , 
2018/8/22, 101, 57, , , 
2018/8/23, 98, 53, 12, 4, 13
2018/8/24, 121, 47, 14, 5, 15
2018/8/25, 118, 40, 18, 5, 14
2018/8/26, 76, 44, 14, 5, 15
2018/8/27, 91, 31, 7, 6, 13
2018/8/28, 70, 39, 11, 4, 11
2018/8/29, 72, 53, 26, 5, 14
2018/8/30, 95, 62, 10, 8, 19
2018/8/31, 135, 45, 12, 4, 13
2018/9/1, 81, 45, 17, 4, 13
2018/9/2, 86, 35, 17, 5, 12
2018/9/3, 74, 40, 15, 5, 12
2018/9/4, 61, 46, 16, 7, 13
2018/9/5, 67, 50, 11, 4, 12
2018/9/6, 58, 53, 29, 9, 16
2018/9/7, 92, 41, 14, 5, 14
2018/9/8, 66, 43, 16, 5, 15
2018/9/9, 78, 51, 21, 6, 14
2018/9/10, 83, 47, 23, 8, 14
2018/9/11, 67, 47, 21, 5, 12
2018/9/12, 61, 52, 19, 7, 19
2018/9/13, 69, 51, 20, 4, 14
2018/9/14, 72, 48, 18, 4, 14
2018/9/15, 66, 39, 9, 4, 13
2018/9/16, 71, 26, 21, 4, 13
2018/9/17, 62, 41, 8, 4, 15
2018/9/18, 62, 35, 16, 4, 14
2018/9/19, 80, 28, 10, 4, 16
2018/9/20, 50, 58, 4, 5, 22
2018/9/21, 90, 54, 16, 8, 24
2018/9/22, 121, 17, 12, 4, 12
2018/9/23, 34, 13, 20, 4, 11
2018/9/24, 20, 21, 23, 4, 12
2018/9/25, 23, 37, 7, 8, 18
2018/9/26, 56, 49, 4, 5, 15
2018/9/27, 78, 46, 6, 5, 15
2018/9/28, 65, 37, 2, 4, 15
2018/9/29, 71, 14, 5, 4, 13
2018/9/30, 36, 15, 8, 4, 12
2018/10/1, 36, 15, 10, 4, 11
2018/4/2, 44, 31, , , 
2018/4/3, 48, 33, , , 
2018/4/4, 67, 44, , , 
2018/4/5, 106, 48, , , 
2018/4/6, 65, 44, , , 
2018/4/7, 55, 48, , , 
2018/4/8, 56, 49, , , 
2018/4/9, 52, 37, , , 
2018/4/10, 37, 38, , , 
2018/4/11, 39, 41, , , 
2018/4/12, 29, 33, , , 
2018/4/13, 17, 43, , , 
2018/4/14, 51, 43, , , 
2018/4/15, 58, 45, , , 
2018/4/16, 70, 46, , , 
2018/4/17, 71, 41, , , 
2018/4/18, 68, 46, , , 
2018/4/19, 62, 54, , , 
2018/4/20, 72, 54, , , 
2018/4/21, 77, 55, , , 
2018/4/22, 84, 45, , , 
2018/4/23, 75, 37, , , 
2018/4/24, 51, 51, , , 
2018/4/25, 65, 58, , , 
2018/4/26, 76, 61, , , 
2018/4/27, 64, 51, , , 
2018/4/28, 60, 57, , , 
2018/4/29, 70, 55, , , 
2018/4/30, 81, 55, , , 
2018/5/1, 83, 62, , , 
2018/5/2, 102, 53, , , 
2018/5/3, 72, 52, , , 
2018/5/4, 63, 61, , , 
2018/5/5, 74, 62, , , 
2018/5/6, 117, 41, , , 
2018/5/7, 70, 37, , , 
2018/5/8, 47, 42, , , 
2018/5/9, 63, 55, , , 
2018/5/10, 61, 54, , , 
2018/5/11, 100, 68, , , 
2018/5/12, 91, 65, , , 
2018/5/13, 96, 59, , , 
2018/5/14, 78, 58, , , 
2018/5/15, 77, 56, , , 
2018/5/16, 73, 62, , , 
2018/5/17, 78, 58, , , 
2018/5/18, 87, 46, , , 
2018/5/19, 64, 58, , , 
2018/5/20, 74, 62, , , 
2018/5/21, 112, 45, , , 
2018/5/22, 78, 54, , , 
2018/5/23, 80, 75, , , 
2018/5/24, 120, 92, , , 
2018/5/25, 148, 97, , , 
2018/5/26, 150, 93, , , 
2018/5/27, 149, 87, , , 
2018/5/28, 162, 84, , , 
2018/5/29, 157, 52, , , 
2018/5/31, 40, 39, , , 
2018/6/1, 59, 63, , , 
2018/6/2, 115, 77, , , 
2018/6/3, 153, 73, , , 
2018/6/4, 161, 66, , , 
2018/6/5, 110, 93, , , 
2018/6/6, 156, 83, , , 
2018/6/7, 172, 59, , , 
2018/6/8, 106, 92, , , 
2018/6/9, 151, 82, , , 
2018/6/10, 155, 30, , , 
2018/6/11, 61, 33, , , 
2018/6/12, 30, 51, , , 
2018/6/13, 152, 37, , , 
2018/6/15, 118, 71, , , 
2018/6/16, 150, 74, , , 
2018/6/17, 153, 74, , , 
2018/6/18, 155, 76, , , 
2018/6/19, 155, 60, , , 
2018/6/20, 145, 52, , , 
2018/6/21, 139, 42, , , 
2018/6/22, 102, 52, , , 
2018/6/23, 106, 57, , , 
2018/6/24, 137, 73, , , 
2018/6/25, 151, 83, , , 
2018/6/26, 160, 78, , , 
2018/6/27, 167, 69, , , 
2018/6/28, 155, 51, , , 
2018/6/29, 114, 61, , , 
2018/6/30, 96, 68, , , 
2018/7/1, 154, 61, , , 
2018/1/2, 29, 24, , , 
2018/1/3, 18, 24, , , 
2018/1/4, 15, 21, , , 
2018/1/5, 10, 24, , , 
2018/1/6, 8, 31, , , 
2018/1/7, 9, 35, , , 
2018/1/8, 32, 28, , , 
2018/1/9, 26, 29, , , 
2018/1/10, 22, 34, , , 
2018/1/11, 28, 30, , , 
2018/1/12, 25, 28, , , 
2018/1/13, 19, 25, , , 
2018/1/14, 18, 26, , , 
2018/1/15, 25, 20, , , 
2018/1/16, 15, 27, , , 
2018/1/17, 18, 33, , , 
2018/1/18, 24, 36, , , 
2018/1/19, 17, 40, , , 
2018/1/20, 25, 30, , , 
2018/1/21, 23, 24, , , 
2018/1/22, 21, 31, , , 
2018/1/23, 30, 30, , , 
2018/1/24, 32, 36, , , 
2018/1/25, 27, 38, , , 
2018/1/26, 12, 34, , , 
2018/1/27, 6, 34, , , 
2018/1/28, 7, 13, , , 
2018/1/29, 22, 8, , , 
2018/1/30, 45, 16, , , 
2018/1/31, 44, 37, , , 
2018/2/1, 38, 45, , , 
2018/2/2, 47, 43, , , 
2018/2/3, 53, 39, , , 
2018/2/4, 52, 31, , , 
2018/2/5, 49, 29, , , 
2018/2/6, 44, 31, , , 
2018/2/7, 43, 36, , , 
2018/2/8, 40, 41, , , 
2018/2/9, 43, 52, , , 
2018/2/10, 37, 47, , , 
2018/2/11, 28, 35, , , 
2018/2/12, 38, 39, , , 
2018/2/13, 35, 50, , , 
2018/2/14, 51, 44, , , 
2018/2/15, 51, 39, , , 
2018/2/16, 50, 44, , , 
2018/2/17, 51, 42, , , 
2018/2/18, 50, 27, , , 
2018/2/19, 34, 23, , , 
2018/2/20, 23, 28, , , 
2018/2/21, 27, 29, , , 
2018/2/22, 27, 35, , , 
2018/2/23, 33, 30, , , 
2018/2/24, 31, 27, 12, 3, 6
2018/2/25, 25, 21, 26, 2, 6
2018/2/26, 22, 30, 30, 2, 6
2018/3/3, 48, 30, , , 
2018/3/4, 38, 30, , , 
2018/3/5, 32, 37, , , 
2018/3/6, 36, 49, , , 
2018/3/7, 42, 46, , , 
2018/3/8, 56, 38, , , 
2018/3/9, 54, 38, , , 
2018/3/10, 45, 34, , , 
2018/3/11, 44, 33, , , 
2018/3/12, 31, 36, , , 
2018/3/13, 23, 39, , , 
2018/3/14, 28, 44, , , 
2018/3/15, 41, 51, , , 
2018/3/16, 59, 40, , , 
2018/3/17, 48, 32, , , 
2018/3/18, 37, 17, , , 
2018/3/19, 19, 21, , , 
2018/3/20, 21, 29, , , 
2018/3/21, 41, 23, , , 
2018/3/22, 54, 27, , , 
2018/3/23, 38, 23, , , 
2018/3/24, 27, 24, , , 
2018/3/25, 26, 30, , , 
2018/3/26, 42, 31, , , 
2018/3/27, 37, 37, , , 
2018/3/28, 46, 51, , , 
2018/3/29, 63, 51, , , 
2018/3/30, 66, 43, , , 
2018/3/31, 57, 29, , , 
2018/4/1, 54, 29, , , 
2017/10/2, 60, 27, , , 
2017/10/3, 16, 39, , , 
2017/10/4, 52, 30, , , 
2017/10/5, 35, 19, , , 
2017/10/6, 22, 27, , , 
2017/10/7, 17, 28, , , 
2017/10/8, 28, 16, , , 
2017/10/9, 14, 15, , , 
2017/10/10, 9, 18, , , 
2017/10/11, 8, 20, , , 
2017/10/12, 10, 36, , , 
2017/10/13, 18, 39, , , 
2017/10/14, 34, 36, , , 
2017/10/15, 33, 37, , , 
2017/10/16, 34, 30, , , 
2017/10/17, 29, 40, , , 
2017/10/18, 25, 35, , , 
2017/10/19, 31, 34, , , 
2017/10/20, 12, 40, , , 
2017/10/21, 23, 41, , , 
2017/10/22, 48, 35, , , 
2017/10/23, 29, 30, , , 
2017/10/24, 18, 33, , , 
2017/10/25, 15, 35, , , 
2017/10/26, 17, 33, , , 
2017/10/27, 16, 30, , , 
2017/10/28, 21, 18, , , 
2017/10/29, 12, 12, , , 
2017/10/30, 5, 19, , , 
2017/10/31, 6, 27, , , 
2017/11/1, 15, 31, , , 
2017/11/2, 19, 29, , , 
2017/11/4, 35, 25, , , 
2017/11/5, 16, 23, , , 
2017/11/6, 21, 20, , , 
2017/11/7, 10, 25, , , 
2017/11/8, 23, 25, , , 
2017/11/9, 18, 23, , , 
2017/11/10, 15, 33, , , 
2017/11/11, 14, 33, , , 
2017/11/12, 22, 28, , , 
2017/11/13, 17, 26, , , 
2017/11/14, 18, 28, , , 
2017/11/15, 15, 32, , , 
2017/11/16, 10, 30, , , 
2017/11/17, 6, 35, , , 
2017/11/18, 6, 32, , , 
2017/11/19, 7, 27, , , 
2017/11/20, 12, 24, , , 
2017/11/21, 11, 30, , , 
2017/11/22, 19, 34, , , 
2017/11/24, 21, 30, , , 
2017/11/25, 18, 37, , , 
2017/11/26, 24, 35, , , 
2017/11/27, 29, 33, , , 
2017/11/28, 21, 29, , , 
2017/11/29, 19, 33, , , 
2017/11/30, 20, 42, , , 
2017/12/1, 37, 42, , , 
2017/12/2, 40, 34, , , 
2017/12/3, 30, 24, , , 
2017/12/4, 19, 30, , , 
2017/12/5, 20, 31, , , 
2017/12/6, 31, 31, , , 
2017/12/7, 26, 32, , , 
2017/12/8, 29, 29, , , 
2017/12/9, 30, 31, , , 
2017/12/10, 21, 33, , , 
2017/12/11, 17, 37, , , 
2017/12/12, 27, 22, , , 
2017/12/13, 20, 20, , , 
2017/12/14, 12, 36, , , 
2017/12/15, 15, 36, , , 
2017/12/16, 12, 29, , , 
2017/12/17, 13, 25, , , 
2017/12/18, 13, 32, , , 
2017/12/19, 14, 36, , , 
2017/12/20, 23, 38, , , 
2017/12/21, 20, 34, , , 
2017/12/22, 23, 36, , , 
2017/12/23, 18, 31, , , 
2017/12/24, 12, 26, , , 
2017/12/25, 12, 22, , , 
2017/12/26, 13, 20, , , 
2017/12/27, 8, 26, , , 
2017/12/28, 9, 30, , , 
2017/12/29, 14, 31, , , 
2017/12/30, 19, 32, , , 
2017/12/31, 25, 24, , , 
2018/1/1, 20, 24, , , 
2017/7/2, 96, 63, , , 
2017/7/3, 131, 44, , , 
2017/7/4, 84, 46, , , 
2017/7/5, 81, 60, , , 
2017/7/6, 126, 83, , , 
2017/7/7, 150, 71, , , 
2017/7/8, 121, 83, , , 
2017/7/9, 113, 76, , , 
2017/7/10, 151, 59, , , 
2017/7/11, 63, 99, , , 
2017/7/12, 139, 91, , , 
2017/7/13, 149, 73, , , 
2017/7/14, 142, 63, , , 
2017/7/15, 105, 52, , , 
2017/7/16, 71, 55, , , 
2017/7/17, 82, 63, , , 
2017/7/18, 83, 75, , , 
2017/7/19, 121, 74, , , 
2017/7/20, 110, 79, , , 
2017/7/21, 121, 67, , , 
2017/7/22, 105, 54, , , 
2017/7/23, 77, 48, , , 
2017/7/24, 80, 34, , , 
2017/7/25, 49, 48, , , 
2017/7/26, 63, 53, , , 
2017/7/27, 105, 60, , , 
2017/7/28, 95, 61, , , 
2017/7/29, 129, 37, , , 
2017/7/30, 65, 43, , , 
2017/7/31, 69, 70, , , 
2017/8/1, 113, 78, , , 
2017/8/2, 153, 72, , , 
2017/8/3, 150, 72, , , 
2017/8/4, 132, 67, , , 
2017/8/5, 151, 75, , , 
2017/8/6, 158, 66, , , 
2017/8/7, 157, 62, , , 
2017/8/8, 109, 70, , , 
2017/8/9, 142, 55, , , 
2017/8/10, 131, 30, , , 
2017/8/11, 46, 26, , , 
2017/8/12, 44, 49, , , 
2017/8/13, 72, 50, , , 
2017/8/14, 97, 35, , , 
2017/8/15, 50, 38, , , 
2017/8/16, 82, 42, , , 
2017/8/17, 51, 60, , , 
2017/8/18, 100, 58, , , 
2017/8/19, 87, 48, , , 
2017/8/20, 63, 211, , , 
2017/8/21, 70, 63, , , 
2017/8/22, 96, 44, , , 
2017/8/23, 105, 47, , , 
2017/8/24, 63, 41, , , 
2017/8/25, 77, 43, , , 
2017/8/26, 73, 55, , , 
2017/8/27, 112, 50, , , 
2017/8/28, 147, 39, , , 
2017/8/29, 75, 21, , , 
2017/8/30, 39, 58, , , 
2017/8/31, 48, 67, , , 
2017/9/1, 87, 44, , , 
2017/9/2, 55, 54, , , 
2017/9/3, 28, 98, , , 
2017/9/4, 24, 723, , , 
2017/9/5, 39, 13, , , 
2017/9/6, 58, , , , 
2017/9/11, 62, 47, , , 
2017/9/12, 71, 52, , , 
2017/9/13, 93, 35, , , 
2017/9/14, 42, 29, , , 
2017/9/15, 37, 42, , , 
2017/9/16, 30, 57, , , 
2017/9/17, 76, 48, , , 
2017/9/18, 66, 34, , , 
2017/9/19, 54, 25, , , 
2017/9/20, 43, 25, , , 
2017/9/21, 24, 33, , , 
2017/9/22, 32, 48, , , 
2017/9/23, 52, 50, , , 
2017/9/24, 60, 33, , , 
2017/9/25, 28, 39, , , 
2017/9/26, 29, 47, , , 
2017/9/27, 50, 56, , , 
2017/9/28, 56, 51, , , 
2017/9/29, 54, 53, , , 
2017/9/30, 55, 45, , , 
2017/10/1, 51, 29, , , 
2017/4/2, 105, 31, , , 
2017/4/3, 65, 45, , , 
2017/4/4, 59, 50, , , 
2017/4/5, 79, 49, , , 
2017/4/6, 65, 50, , , 
2017/4/7, 67, 27, , , 
2017/4/8, 71, 16, , , 
2017/4/9, 66, 20, , , 
2017/4/10, 68, 27, , , 
2017/4/11, 63, 37, , , 
2017/4/12, 62, 44, , , 
2017/4/13, 81, 44, , , 
2017/4/14, 84, 39, , , 
2017/4/15, 79, 37, , , 
2017/4/16, 94, 37, , , 
2017/4/17, 68, 46, , , 
2017/4/18, 74, 48, , , 
2017/4/19, 67, 43, , , 
2017/4/20, 86, 23, , , 
2017/4/21, 103, 17, , , 
2017/4/22, 66, 22, , , 
2017/4/23, 43, 25, , , 
2017/4/24, 34, 39, , , 
2017/4/25, 64, 44, , , 
2017/4/26, 67, 38, , , 
2017/4/27, 48, 44, , , 
2017/4/28, 53, 44, , , 
2017/4/29, 50, 51, , , 
2017/4/30, 61, 54, , , 
2017/5/1, 68, 46, , , 
2017/5/2, 62, 63, , , 
2017/5/3, 86, 60, , , 
2017/5/4, 92, 54, , , 
2017/5/5, 60, 58, , , 
2017/5/6, 72, 62, , , 
2017/5/7, 99, 105, , , 
2017/5/8, 90, 48, , , 
2017/5/9, 40, 37, , , 
2017/5/10, 51, 43, , , 
2017/5/11, 79, 33, , , 
2017/5/12, 87, 27, , , 
2017/5/13, 33, 31, , , 
2017/5/14, 56, 37, , , 
2017/5/15, 58, 34, , , 
2017/5/16, 72, 44, , , 
2017/5/17, 77, 48, , , 
2017/5/18, 110, 32, , , 
2017/5/19, 69, 31, , , 
2017/5/20, 56, 42, , , 
2017/5/21, 64, 57, , , 
2017/5/22, 110, 54, , , 
2017/5/23, 99, 60, , , 
2017/5/24, 142, 62, , , 
2017/5/26, 105, 53, , , 
2017/5/27, 86, 65, , , 
2017/5/28, 126, 66, , , 
2017/5/29, 129, 63, , , 
2017/5/30, 143, 62, , , 
2017/5/31, 128, 70, , , 
2017/6/1, 135, 68, , , 
2017/6/2, 135, 58, , , 
2017/6/3, 97, 83, , , 
2017/6/4, 153, 74, , , 
2017/6/5, 149, 45, , , 
2017/6/6, 70, 77, , , 
2017/6/7, 110, 79, , , 
2017/6/8, 152, 52, , , 
2017/6/9, 121, 66, , , 
2017/6/10, 112, 61, , , 
2017/6/11, 112, 56, , , 
2017/6/12, 92, 70, , , 
2017/6/13, 119, 93, , , 
2017/6/14, 156, 86, , , 
2017/6/15, 163, 81, , , 
2017/6/16, 155, 48, , , 
2017/6/17, 107, 26, , , 
2017/6/18, 31, 56, , , 
2017/6/19, 81, 74, , , 
2017/6/20, 129, 84, , , 
2017/6/21, 142, 89, , , 
2017/6/22, 160, 64, , , 
2017/6/23, 134, 46, , , 
2017/6/24, 113, 60, , , 
2017/6/25, 139, 53, , , 
2017/6/26, 110, 38, , , 
2017/6/27, 71, 42, , , 
2017/6/28, 74, 53, , , 
2017/6/29, 86, 57, , , 
2017/6/30, 94, 63, , , 
2017/7/1, 100, 70, , , 
2017/1/3, 65, 44, 27, , 
2017/1/4, 54, 56, 29, , 
2017/1/5, 67, 50, 34, , 
2017/1/6, 59, 38, 35, , 
2017/1/7, 71, 38, 36, , 
2017/1/8, 58, 27, 24, , 
2017/1/9, 59, 22, 30, , 
2017/1/10, 60, 27, 32, , 
2017/1/11, 51, 40, 34, , 
2017/1/12, 66, 52, 34, , 
2017/1/13, 69, 35, 31, , 
2017/1/14, 59, 39, 35, , 
2017/1/15, 60, 37, 41, , 
2017/1/16, 58, 47, 41, , 
2017/1/17, 75, 60, 34, , 
2017/1/18, 74, 89, 39, , 
2017/1/19, 73, 115, 36, , 
2017/1/20, 186, 46, 33, , 
2017/1/21, 108, 12, 46, , 
2017/1/22, 62, 6, 44, , 
2017/1/23, 134, 36, 50, , 
2017/1/24, 155, 63, 26, , 
2017/1/25, 135, 54, 33, , 
2017/1/26, 59, 58, 41, , 
2017/1/27, 61, 57, 37, , 
2017/1/28, 87, 63, 34, , 
2017/1/29, 90, 64, 48, , 
2017/1/30, 140, 65, 43, , 
2017/1/31, 152, 60, 47, , 
2017/2/1, 107, 60, 48, , 
2017/2/2, 99, 55, 37, , 
2017/2/3, 99, 40, 19, , 
2017/2/4, 79, 28, 20, , 
2017/2/5, 59, 22, 30, , 
2017/2/6, 72, 38, 38, , 
2017/2/7, 60, 41, 29, , 
2017/2/8, 71, 36, 23, , 
2017/2/9, 65, 49, 19, , 
2017/2/10, 56, 49, 14, , 
2017/2/11, 65, 41, , , 
2017/2/12, 68, 42, , , 
2017/2/13, 67, 45, , , 
2017/2/14, 72, 42, 14, , 
2017/2/15, 81, 46, 25, , 
2017/2/16, 76, 43, 28, , 
2017/2/17, 81, 52, 19, , 
2017/2/18, 55, 47, 31, , 
2017/2/19, 59, 35, 35, , 
2017/2/20, 59, 40, 31, , 
2017/2/21, 48, 48, 34, , 
2017/2/22, 11, 50, 43, , 
2017/2/23, 56, 40, 32, , 
2017/2/24, 62, 38, 34, , 
2017/2/25, 61, 40, 30, , 
2017/2/26, 66, 31, 22, , 
2017/2/27, 60, 30, 22, , 
2017/2/28, 59, 37, 23, , 
2017/3/1, 59, 37, 21, , 
2017/3/2, 69, 35, 19, , 
2017/3/3, 64, 33, 25, , 
2017/3/4, 66, 38, 31, , 
2017/3/5, 48, 35, 28, , 
2017/3/6, 54, 45, 24, , 
2017/3/7, 68, 52, 34, , 
2017/3/8, 53, 48, 3, , 
2017/3/9, 69, 33, , , 
2017/3/10, 69, 29, , , 
2017/3/11, 60, 34, , , 
2017/3/12, 56, 32, , , 
2017/3/13, 62, 41, , , 
2017/3/14, 59, 41, , , 
2017/3/15, 78, 46, , , 
2017/3/16, 66, 48, , , 
2017/3/17, 82, 45, , , 
2017/3/18, 83, 44, , , 
2017/3/19, 86, 44, , , 
2017/3/20, 75, 51, , , 
2017/3/21, 79, 46, , , 
2017/3/22, 63, 48, , , 
2017/3/23, 73, 47, , , 
2017/3/24, 81, 32, , , 
2017/3/25, 81, 30, , , 
2017/3/26, 83, 25, , , 
2017/3/27, 67, 31, , , 
2017/3/28, 62, 45, , , 
2017/3/29, 73, 41, , , 
2017/3/30, 64, 42, , , 
2017/3/31, 62, 52, , , 
2017/4/1, 74, 46, , , 
2016/12/16, 131, 55, 39, , 
2016/12/17, 91, 40, 27, , 
2016/12/18, 59, 33, 30, , 
2016/12/19, 55, 32, 28, , 
2016/12/20, 60, 32, 36, , 
2016/12/21, 72, 33, 38, , 
2016/12/22, 64, 37, 22, , 
2016/12/23, 59, 32, 30, , 
2016/12/24, 53, 30, 32, , 
2016/12/25, 64, 26, 27, , 
2016/12/26, 64, 21, 17, , 
2016/12/27, 45, 19, 21, , 
2016/12/28, 11, 29, 34, , 
2016/12/29, 8, 38, 37, , 
2016/12/30, 52, 30, 25, , 
2016/12/31, 58, 29, 26, , 
2017/1/1, 65, 32, 25, , 
2017/1/2, 64, 27, 18, , 
2020/7/1, , 38, 21, 18, 22
2020/7/11, , 51, 6, 4, 16
2020/4/16, , 67, 36, 1, 8
2020/5/5, , 42, 13, 3, 8
2020/1/1, , 46, , , 
2019/10/21, , 32, 25, 2, 8
2019/10/22, , 33, 24, 1, 6
2019/11/7, , 46, 30, 4, 5
2019/11/8, , 58, 29, 2, 8
2019/1/1, , 39, 14, 7, 8
2019/1/24, , 49, 34, 7, 4
2018/11/25, , 27, 24, 5, 4
2018/11/26, , 31, 29, 5, 4
2018/8/21, , 49, , , 
2018/5/30, , 21, , , 
2018/6/14, , 55, , , 
2018/2/27, , 27, 28, 2, 9
2018/2/28, , 32, 23, 2, 7
2018/3/1, , 37, 35, 2, 7
2018/3/2, , 35, 32, 2, 7
2017/11/3, , 23, , , 
2017/11/23, , 33, , , 
2017/9/10, , 58, , , 
2017/5/25, , 53, , , 
2016/10/2, , 21, 31, , 
2016/10/3, , 21, 31, , 
2016/10/4, , 23, 25, , 
2016/10/5, , 20, 28, , 
2016/10/6, , 26, 25, , 
2016/10/7, , 31, 21, , 
2016/10/8, , 23, 26, , 
2016/10/9, , 29, 32, , 
2016/10/10, , 32, 27, , 
2016/10/11, , 26, 31, , 
2016/10/12, , 28, 23, , 
2016/10/13, , 34, 10, , 
2016/10/14, , 27, 23, , 
2016/10/15, , 18, 15, , 
2016/10/16, , 22, 11, , 
2016/10/17, , 7, 14, , 
2016/10/18, , 8, 20, , 
2016/10/19, , 9, 18, , 
2016/10/20, , 10, 23, , 
2016/10/21, , 16, 27, , 
2016/10/22, , 19, 30, , 
2016/10/23, , 18, 20, , 
2016/10/24, , 18, 21, , 
2016/10/25, , 10, 18, , 
2016/10/26, , 15, 21, , 
2016/10/27, , 28, 23, , 
2016/10/28, , 35, 39, , 
2016/10/29, , 26, 14, , 
2016/10/30, , 23, 29, , 
2016/10/31, , 22, 25, , 
2016/11/1, , 17, 17, , 
2016/11/2, , 7, 18, , 
2016/11/3, , 12, 21, , 
2016/11/4, , 24, 21, , 
2016/11/5, , 25, 28, , 
2016/11/6, , 22, 26, , 
2016/11/7, , 21, 26, , 
2016/11/8, , 22, 30, , 
2016/11/9, , 26, 34, 32, 
2016/11/10, , 26, 32, , 
2016/11/11, , 35, 26, , 
2016/11/12, , 31, 31, , 
2016/11/13, , 20, 9, , 
2016/11/14, , 20, 23, , 
2016/11/15, , 19, 25, , 
2016/11/16, , 23, 22, , 
2016/11/17, , 20, 22, , 
2016/11/18, , 27, 28, , 
2016/11/19, , 44, 49, , 
2016/11/20, , 58, 34, , 
2016/11/21, , 32, 21, , 
2016/11/22, , 23, 24, , 
2016/11/23, , 23, 23, , 
2016/11/24, , 26, 18, , 
2016/11/25, , 26, 32, , 
2016/11/26, , 21, 19, , 
2016/11/27, , 18, 21, , 
2016/11/28, , 15, 22, , 
2016/11/29, , 25, 32, , 
2016/11/30, , 51, 48, , 
2016/12/1, , 53, 29, , 
2016/12/2, , 45, 37, , 
2016/12/3, , 46, 37, , 
2016/12/4, , 35, 28, , 
2016/12/5, , 21, 20, , 
2016/12/6, , 18, 24, , 
2016/12/7, , 30, 32, , 
2016/12/8, , 36, 35, , 
2016/12/9, , 29, 26, , 
2016/12/10, , 18, 16, , 
2016/12/11, , 18, 24, , 
2016/12/12, , 19, 19, , 
2016/12/13, , 23, 24, , 
2016/12/14, , 35, 25, , 
2016/12/15, , 48, 35, , 
2016/7/2, , 44, 3, , 
2016/7/3, , 46, 8, , 
2016/7/4, , 42, 10, , 
2016/7/5, , 38, 12, , 
2016/7/6, , 40, 5, , 
2016/7/7, , 41, 18, , 
2016/7/8, , 45, 12, , 
2016/7/9, , 57, 17, , 
2016/7/10, , 56, 13, , 
2016/7/11, , 55, 17, , 
2016/7/12, , 31, 2, , 
2016/7/13, , 40, 16, , 
2016/7/14, , 26, 17, , 
2016/7/15, , 11, 10, , 
2016/7/16, , 31, 12, , 
2016/7/17, , 49, 9, , 
2016/7/18, , 51, 14, , 
2016/7/19, , 35, 4, , 
2016/7/20, , 39, 11, , 
2016/7/21, , 37, 12, , 
2016/7/22, , 35, 13, , 
2016/7/23, , 38, 8, , 
2016/7/24, , 28, 5, , 
2016/7/25, , 22, 14, , 
2016/7/26, , 11, 16, , 
2016/7/27, , 9, 13, , 
2016/7/28, , 25, 9, , 
2016/7/29, , 37, 16, , 
2016/7/30, , 46, 11, , 
2016/7/31, , 30, 14, , 
2016/8/1, , 27, 15, , 
2016/8/2, , 32, 12, , 
2016/8/3, , 31, 11, , 
2016/8/4, , 41, 14, , 
2016/8/5, , 50, 15, , 
2016/8/6, , 19, 18, , 
2016/8/7, , 22, 18, , 
2016/8/8, , 19, 18, , 
2016/8/9, , 23, 15, , 
2016/8/10, , 26, 18, , 
2016/8/11, , 40, 16, , 
2016/8/12, , 30, 9, , 
2016/8/13, , 43, 15, , 
2016/8/14, , 41, 9, , 
2016/8/15, , 28, 16, , 
2016/8/16, , 31, 11, , 
2016/8/17, , 21, 18, , 
2016/8/18, , 21, 19, , 
2016/8/19, , 21, 16, , 
2016/8/20, , 30, 18, , 
2016/8/21, , 35, 18, , 
2016/8/22, , 19, 26, , 
2016/8/23, , 23, 14, , 
2016/8/24, , 21, 13, , 
2016/8/25, , 25, 23, , 
2016/8/26, , 33, 15, , 
2016/8/27, , 21, 19, , 
2016/8/28, , 20, 23, , 
2016/8/29, , 22, 24, , 
2016/8/30, , 26, 21, , 
2016/8/31, , 35, 18, , 
2016/9/1, , 18, 19, , 
2016/9/2, , 8, 23, , 
2016/9/3, , 25, 28, , 
2016/9/4, , 40, 26, , 
2016/9/5, , 40, 28, , 
2016/9/6, , 32, 30, , 
2016/9/7, , 40, 28, , 
2016/9/8, , 40, 25, , 
2016/9/9, , 44, 19, , 
2016/9/10, , 43, 29, , 
2016/9/11, , 38, 22, , 
2016/9/12, , 22, 25, , 
2016/9/13, , 11, 16, , 
2016/9/14, , 12, 19, , 
2016/9/15, , 20, 14, , 
2016/9/16, , 21, 13, , 
2016/9/17, , 40, 28, , 
2016/9/18, , 40, 29, , 
2016/9/19, , 29, 34, , 
2016/9/20, , 25, 29, , 
2016/9/21, , 28, 34, , 
2016/9/22, , 33, 23, , 
2016/9/23, , 34, 28, , 
2016/9/24, , 37, 33, , 
2016/9/25, , 38, 19, , 
2016/9/26, , 29, 26, , 
2016/9/27, , 25, 32, , 
2016/9/28, , 43, 25, , 
2016/9/29, , 37, 29, , 
2016/9/30, , 16, 25, , 
2016/10/1, , 19, 29, , 
2016/4/2, , 48, 24, , 
2016/4/3, , 38, 14, , 
2016/4/4, , 32, 22, , 
2016/4/5, , 20, 12, , 
2016/4/6, , 39, 23, , 
2016/4/7, , 45, 11, , 
2016/4/8, , 30, 20, , 
2016/4/9, , 35, 23, , 
2016/4/10, , 34, 21, , 
2016/4/11, , 32, 27, , 
2016/4/12, , 42, 18, , 
2016/4/13, , 43, 5, , 
2016/4/14, , 53, 4, , 
2016/4/15, , 47, 4, , 
2016/4/16, , 13, 5, , 
2016/4/17, , 9, 11, , 
2016/4/18, , 12, 9, , 
2016/4/19, , 13, 13, , 
2016/4/20, , 13, 13, , 
2016/4/21, , 25, 9, , 
2016/4/22, , 26, 4, , 
2016/4/23, , 38, 8, , 
2016/4/24, , 27, 12, , 
2016/4/25, , 11, 11, , 
2016/4/26, , 14, 13, , 
2016/4/27, , 21, 9, , 
2016/4/28, , 38, 6, , 
2016/4/29, , 47, 22, , 
2016/4/30, , 56, 20, , 
2016/5/1, , 42, 9, , 
2016/5/2, , 42, 8, , 
2016/5/3, , 39, 12, , 
2016/5/4, , 43, 17, , 
2016/5/5, , 40, 7, , 
2016/5/6, , 33, 11, , 
2016/5/7, , 34, 20, , 
2016/5/8, , 43, 11, , 
2016/5/9, , 21, 11, , 
2016/5/10, , 25, 9, , 
2016/5/11, , 37, 9, , 
2016/5/12, , 46, 8, , 
2016/5/13, , 22, 2, , 
2016/5/14, , 38, 4, , 
2016/5/15, , 45, 11, , 
2016/5/16, , 28, 7, , 
2016/5/17, , 24, 11, , 
2016/5/18, , 27, 7, , 
2016/5/19, , 24, 12, , 
2016/5/20, , 14, 10, , 
2016/5/21, , 32, 14, , 
2016/5/22, , 35, 13, , 
2016/5/23, , 39, 8, , 
2016/5/24, , 48, 7, , 
2016/5/25, , 42, 16, , 
2016/5/26, , 55, 5, , 
2016/5/27, , 51, 8, , 
2016/5/28, , 53, 2, , 
2016/5/29, , 52, 6, , 
2016/5/30, , 38, 10, , 
2016/5/31, , 28, 9, , 
2016/6/1, , 32, 12, , 
2016/6/2, , 43, 5, , 
2016/6/3, , 42, 8, , 
2016/6/4, , 26, 14, , 
2016/6/5, , 23, 5, , 
2016/6/6, , 29, 7, , 
2016/6/7, , 29, 10, , 
2016/6/8, , 42, 6, , 
2016/6/9, , 40, 5, , 
2016/6/10, , 44, 9, , 
2016/6/11, , 51, 11, , 
2016/6/12, , 39, 6, , 
2016/6/13, , 48, 4, , 
2016/6/14, , 22, 4, , 
2016/6/15, , 28, 4, , 
2016/6/16, , 20, 6, , 
2016/6/17, , 22, 6, , 
2016/6/18, , 29, 10, , 
2016/6/19, , 45, 13, , 
2016/6/20, , 39, 12, , 
2016/6/21, , 31, 6, , 
2016/6/22, , 30, 9, , 
2016/6/23, , 45, 4, , 
2016/6/24, , 47, 7, , 
2016/6/25, , 31, 7, , 
2016/6/26, , 28, 12, , 
2016/6/27, , 38, 13, , 
2016/6/28, , 36, 13, , 
2016/6/29, , 36, 9, , 
2016/6/30, , 36, 4, , 
2016/7/1, , 40, 3, , 
2016/1/5, , 33, 18, , 
2016/1/6, , 38, 22, , 
2016/1/7, , 44, 21, , 
2016/1/8, , 35, 16, , 
2016/1/9, , 25, 26, , 
2016/1/10, , 26, 25, , 
2016/1/11, , 27, 18, , 
2016/1/12, , 26, 19, , 
2016/1/13, , 24, 13, , 
2016/1/14, , 30, 15, , 
2016/1/15, , 34, 28, , 
2016/1/16, , 32, 28, , 
2016/1/17, , 34, 30, , 
2016/1/18, , 36, 24, , 
2016/1/19, , 36, 28, , 
2016/1/20, , 37, 25, , 
2016/1/21, , 40, 18, , 
2016/1/22, , 31, 29, , 
2016/1/23, , 33, 17, , 
2016/1/24, , 33, 8, , 
2016/1/25, , 28, 13, , 
2016/1/26, , 22, 22, , 
2016/1/27, , 20, 18, , 
2016/1/28, , 21, 26, , 
2016/1/29, , 29, 21, , 
2016/1/30, , 31, 31, , 
2016/1/31, , 36, 23, , 
2016/2/1, , 34, 18, , 
2016/2/2, , 33, 12, , 
2016/2/3, , 33, 18, , 
2016/2/4, , 31, 20, , 
2016/2/5, , 30, 24, , 
2016/2/6, , 29, 25, , 
2016/2/7, , 35, 21, , 
2016/2/8, , 30, 46, , 
2016/2/9, , 36, 33, , 
2016/2/10, , 44, 21, , 
2016/2/11, , 35, 25, , 
2016/2/12, , 29, 25, , 
2016/2/13, , 29, 28, , 
2016/2/14, , 34, 25, , 
2016/2/15, , 32, 39, , 
2016/2/16, , 35, 18, , 
2016/2/17, , 35, 28, , 
2016/2/18, , 46, 27, , 
2016/2/19, , 51, 26, , 
2016/2/20, , 16, 30, , 
2016/2/21, , 19, 30, , 
2016/2/22, , 32, 30, , 
2016/2/23, , 77, 37, , 
2016/2/24, , 69, 56, , 
2016/2/25, , 90, 33, , 
2016/2/26, , 54, 27, , 
2016/2/27, , 30, 22, , 
2016/2/28, , 34, 32, , 
2016/2/29, , 38, 35, , 
2016/3/1, , 34, 41, , 
2016/3/2, , 43, 40, , 
2016/3/3, , 46, 28, , 
2016/3/4, , 51, 35, , 
2016/3/5, , 52, 30, , 
2016/3/6, , 41, 18, , 
2016/3/7, , 34, 19, , 
2016/3/8, , 27, 32, , 
2016/3/9, , 35, 33, , 
2016/3/10, , 51, 36, , 
2016/3/11, , 52, 95, , 
2016/3/12, , 41, 21, , 
2016/3/13, , 28, 32, , 
2016/3/14, , 32, 32, , 
2016/3/15, , 45, 32, , 
2016/3/16, , 46, 25, , 
2016/3/17, , 49, 17, , 
2016/3/18, , 43, 19, , 
2016/3/19, , 33, 32, , 
2016/3/20, , 46, 30, , 
2016/3/21, , 45, 30, , 
2016/3/22, , 43, 48, , 
2016/3/23, , 58, 40, , 
2016/3/24, , 58, 24, , 
2016/3/25, , 59, 40, , 
2016/3/26, , 50, 26, , 
2016/3/27, , 48, 30, , 
2016/3/28, , 49, 22, , 
2016/3/29, , 42, 15, , 
2016/3/30, , 38, 22, , 
2016/3/31, , 34, 14, , 
2016/4/1, , 44, 16, , 
2015/10/2, , 16, 14, , 
2015/10/3, , 12, 13, , 
2015/10/4, , 27, 12, , 
2015/10/5, , 18, 12, , 
2015/10/6, , 13, 14, , 
2015/10/7, , 22, 15, , 
2015/10/8, , 16, 2, , 
2015/10/9, , 18, 21, , 
2015/10/10, , 20, 25, , 
2015/10/11, , 24, 24, , 
2015/10/12, , 26, 17, , 
2015/10/13, , 24, 19, , 
2015/10/14, , 22, 15, , 
2015/10/15, , 13, 18, , 
2015/10/16, , 7, 14, , 
2015/10/17, , 16, 24, , 
2015/10/18, , 29, 26, , 
2015/10/19, , 29, 13, , 
2015/10/20, , 25, 15, , 
2015/10/21, , 19, 16, , 
2015/10/22, , 24, 23, , 
2015/10/23, , 25, 25, , 
2015/10/24, , 27, 18, , 
2015/10/25, , 27, 17, , 
2015/10/26, , 16, 21, , 
2015/10/27, , 14, 21, , 
2015/10/28, , 25, 13, , 
2015/10/29, , 25, 19, , 
2015/10/30, , 26, 21, , 
2015/10/31, , 28, 26, , 
2015/11/1, , 36, 22, , 
2015/11/2, , 29, 13, , 
2015/11/3, , 31, 47, , 
2015/11/4, , 26, 24, , 
2015/11/5, , 11, 27, , 
2015/11/6, , 22, 19, , 
2015/11/7, , 27, 15, , 
2015/11/8, , 22, 18, , 
2015/11/9, , 19, 23, , 
2015/11/10, , 16, 20, , 
2015/11/11, , 20, 19, , 
2015/11/12, , 23, 24, , 
2015/11/13, , 17, 26, , 
2015/11/14, , 19, 31, , 
2015/11/15, , 28, 25, , 
2015/11/16, , 24, 17, , 
2015/11/17, , 22, 21, , 
2015/11/18, , 17, 16, , 
2015/11/19, , 23, 19, , 
2015/11/20, , 19, 26, , 
2015/11/21, , 17, 19, , 
2015/11/22, , 24, 22, , 
2015/11/23, , 22, 19, , 
2015/11/24, , 21, 15, , 
2015/11/25, , 16, 12, , 
2015/11/26, , 17, 15, , 
2015/11/27, , 21, 21, , 
2015/11/28, , 25, 22, , 
2015/11/29, , 32, 30, , 
2015/11/30, , 32, 22, , 
2015/12/1, , 33, 18, , 
2015/12/2, , 32, 13, , 
2015/12/3, , 27, 19, , 
2015/12/4, , 24, 32, , 
2015/12/5, , 39, 31, , 
2015/12/6, , 38, 26, , 
2015/12/7, , 29, 25, , 
2015/12/8, , 31, 26, , 
2015/12/9, , 27, 28, , 
2015/12/10, , 34, 33, , 
2015/12/11, , 39, 31, , 
2015/12/12, , 25, 11, , 
2015/12/13, , 26, 15, , 
2015/12/14, , 17, 26, , 
2015/12/15, , 20, 43, , 
2015/12/16, , 32, 18, , 
2015/12/17, , 27, 26, , 
2015/12/18, , 32, 22, , 
2015/12/19, , 41, 27, , 
2015/12/20, , 37, 19, , 
2015/12/21, , 31, 21, , 
2015/12/22, , 25, 21, , 
2015/12/23, , 26, 21, , 
2015/12/24, , 28, 30, , 
2015/12/25, , 36, 34, , 
2015/12/26, , 40, 37, , 
2015/12/27, , 34, 32, , 
2015/12/28, , 34, 34, , 
2015/12/29, , 34, 19, , 
2015/12/30, , 29, 47, , 
2015/12/31, , 25, , , 
2016/1/4, , 28, 26, , 
2015/7/2, , 54, 7, , 
2015/7/3, , 53, 6, , 
2015/7/4, , 44, 11, , 
2015/7/5, , 63, 5, , 
2015/7/6, , 65, 5, , 
2015/7/7, , 33, 5, , 
2015/7/8, , 32, 1, , 
2015/7/9, , 53, 2, , 
2015/7/10, , 42, 1, , 
2015/7/11, , 31, 5, , 
2015/7/12, , 21, 8, , 
2015/7/13, , 15, 8, , 
2015/7/14, , 19, 7, , 
2015/7/15, , 34, 3, , 
2015/7/16, , 46, 9, , 
2015/7/17, , 57, 3, , 
2015/7/18, , 46, 2, , 
2015/7/19, , 56, 8, , 
2015/7/20, , 31, 18, , 
2015/7/21, , 20, 5, , 
2015/7/22, , 34, 4, , 
2015/7/23, , 42, 7, , 
2015/7/24, , 48, 6, , 
2015/7/25, , 51, 4, , 
2015/7/26, , 59, 5, , 
2015/7/27, , 62, 2, , 
2015/7/28, , 39, 18, , 
2015/7/29, , 22, 4, , 
2015/7/30, , 13, 3, , 
2015/7/31, , 39, 4, , 
2015/8/1, , 27, 4, , 
2015/8/2, , 50, 10, , 
2015/8/3, , 28, 5, , 
2015/8/4, , 23, 6, , 
2015/8/5, , 46, 13, , 
2015/8/6, , 39, 13, , 
2015/8/7, , 7, 4, , 
2015/8/8, , 11, 14, , 
2015/8/9, , 3, 10, , 
2015/8/10, , 6, 13, , 
2015/8/11, , 9, 10, , 
2015/8/12, , 21, 4, , 
2015/8/13, , 23, 8, , 
2015/8/14, , 28, 15, , 
2015/8/15, , 40, 10, , 
2015/8/16, , 40, 14, , 
2015/8/17, , 24, 19, , 
2015/8/18, , 29, 16, , 
2015/8/19, , 40, 19, , 
2015/8/20, , 35, 34, , 
2015/8/21, , 42, 7, , 
2015/8/22, , 12, 9, , 
2015/8/23, , 9, 6, , 
2015/8/24, , 15, 6, , 
2015/8/25, , 30, 6, , 
2015/8/26, , 33, 8, , 
2015/8/27, , 16, 5, , 
2015/8/28, , 29, 13, , 
2015/8/29, , 46, 20, , 
2015/8/30, , 42, 14, , 
2015/8/31, , 26, 14, , 
2015/9/1, , 22, 15, , 
2015/9/2, , 27, 14, , 
2015/9/3, , 33, 16, , 
2015/9/4, , 37, 26, , 
2015/9/5, , 17, 22, , 
2015/9/6, , 42, 15, , 
2015/9/7, , 21, 11, , 
2015/9/8, , 10, 8, , 
2015/9/9, , 11, 12, , 
2015/9/10, , 16, 15, , 
2015/9/11, , 17, 18, , 
2015/9/12, , 23, 15, , 
2015/9/13, , 29, 24, , 
2015/9/14, , 32, 16, , 
2015/9/15, , 38, 37, , 
2015/9/16, , 39, 9, , 
2015/9/17, , 26, 15, , 
2015/9/18, , 21, 16, , 
2015/9/19, , 16, 16, , 
2015/9/20, , 21, 19, , 
2015/9/21, , 24, 19, , 
2015/9/22, , 31, 19, , 
2015/9/23, , 34, 19, , 
2015/9/24, , 33, 16, , 
2015/9/25, , 19, 16, , 
2015/9/26, , 16, 18, , 
2015/9/27, , 23, 11, , 
2015/9/28, , 2, 17, , 
2015/9/29, , 8, 17, , 
2015/9/30, , 52, 13, , 
2015/10/1, , 6, 15, , 
2015/4/2, , 49, , , 
2015/4/3, , 51, , , 
2015/4/4, , 43, , , 
2015/4/5, , 22, , , 
2015/4/6, , 25, , , 
2015/4/7, , 33, , , 
2015/4/8, , 27, , , 
2015/4/9, , 44, , , 
2015/4/10, , 44, , , 
2015/4/11, , 55, , , 
2015/4/12, , 59, , , 
2015/4/13, , 54, , , 
2015/4/14, , 49, , , 
2015/4/15, , 52, , , 
2015/4/16, , 44, , , 
2015/4/17, , 48, , , 
2015/4/18, , 42, , , 
2015/4/19, , 49, , , 
2015/4/20, , 44, , , 
2015/4/21, , 49, , , 
2015/4/22, , 44, , , 
2015/4/23, , 47, , , 
2015/4/24, , 57, , , 
2015/4/25, , 67, , , 
2015/4/26, , 88, , , 
2015/4/27, , 66, , , 
2015/4/28, , 64, , , 
2015/4/29, , 61, , , 
2015/4/30, , 70, , , 
2015/5/1, , 76, , , 
2015/5/2, , 71, , , 
2015/5/3, , 61, , , 
2015/5/4, , 13, , , 
2015/5/5, , 22, , , 
2015/5/6, , 35, , , 
2015/5/7, , 41, , , 
2015/5/8, , 59, , , 
2015/5/9, , 62, , , 
2015/5/10, , 55, , , 
2015/5/11, , 34, , , 
2015/5/12, , 43, , , 
2015/5/13, , 50, , , 
2015/5/14, , 52, , , 
2015/5/15, , 50, , , 
2015/5/16, , 56, , , 
2015/5/17, , 57, , , 
2015/5/18, , 57, , , 
2015/5/19, , 51, , , 
2015/5/20, , 60, , , 
2015/5/21, , 48, , , 
2015/5/22, , 56, , , 
2015/5/23, , 27, , , 
2015/5/24, , 37, , , 
2015/5/25, , 42, , , 
2015/5/26, , 45, , , 
2015/5/27, , 68, , , 
2015/5/28, , 66, , , 
2015/5/29, , 82, , , 
2015/5/30, , 76, , , 
2015/5/31, , 40, , , 
2015/6/1, , 52, , , 
2015/6/2, , 62, , , 
2015/6/3, , 64, 4, , 
2015/6/4, , 63, 1, , 
2015/6/5, , 62, 9, , 
2015/6/6, , 81, 6, , 
2015/6/7, , 41, 6, , 
2015/6/8, , 20, 2, , 
2015/6/9, , 30, 5, , 
2015/6/10, , 41, 6, , 
2015/6/11, , 24, 6, , 
2015/6/12, , 29, 4, , 
2015/6/13, , 37, 6, , 
2015/6/14, , 36, 8, , 
2015/6/15, , 41, 6, , 
2015/6/16, , 21, 6, , 
2015/6/17, , 28, 5, , 
2015/6/18, , 34, 4, , 
2015/6/19, , 42, 5, , 
2015/6/20, , 54, 8, , 
2015/6/21, , 52, 2, , 
2015/6/22, , 39, 5, , 
2015/6/23, , 43, 7, , 
2015/6/24, , 56, 17, , 
2015/6/25, , 56, 8, , 
2015/6/26, , 52, 7, , 
2015/6/27, , 54, 4, , 
2015/6/28, , 51, 4, , 
2015/6/29, , 47, 6, , 
2015/6/30, , 38, 6, , 
2015/7/1, , 54, 24, , 
2015/1/2, , 24, , , 
2015/1/3, , 24, , , 
2015/1/4, , 32, , , 
2015/1/5, , 33, , , 
2015/1/6, , 30, , , 
2015/1/7, , 31, , , 
2015/1/8, , 33, , , 
2015/1/9, , 39, , , 
2015/1/10, , 47, , , 
2015/1/11, , 43, , , 
2015/1/12, , 45, , , 
2015/1/13, , 51, , , 
2015/1/14, , 56, , , 
2015/1/15, , 46, , , 
2015/1/16, , 34, , , 
2015/1/17, , 36, , , 
2015/1/18, , 41, , , 
2015/1/19, , 27, , , 
2015/1/20, , 21, , , 
2015/1/21, , 21, , , 
2015/1/22, , 26, , , 
2015/1/23, , 29, , , 
2015/1/24, , 44, , , 
2015/1/25, , 52, , , 
2015/1/26, , 37, , , 
2015/1/27, , 27, , , 
2015/1/28, , 34, , , 
2015/1/29, , 39, , , 
2015/1/30, , 41, , , 
2015/1/31, , 44, , , 
2015/2/1, , 44, , , 
2015/2/2, , 47, , , 
2015/2/3, , 40, , , 
2015/2/4, , 41, , , 
2015/2/5, , 43, , , 
2015/2/6, , 50, , , 
2015/2/7, , 46, , , 
2015/2/8, , 44, , , 
2015/2/9, , 29, , , 
2015/2/10, , 35, , , 
2015/2/11, , 51, , , 
2015/2/12, , 45, , , 
2015/2/13, , 52, , , 
2015/2/14, , 61, , , 
2015/2/15, , 60, , , 
2015/2/16, , 55, , , 
2015/2/17, , 53, , , 
2015/2/18, , 58, , , 
2015/2/19, , 58, , , 
2015/2/20, , 56, , , 
2015/2/21, , 39, , , 
2015/2/22, , 36, , , 
2015/2/23, , 25, , , 
2015/2/24, , 28, , , 
2015/2/25, , 24, , , 
2015/2/26, , 22, , , 
2015/2/27, , 28, , , 
2015/2/28, , 28, , , 
2015/3/1, , 30, , , 
2015/3/2, , 22, , , 
2015/3/3, , 27, , , 
2015/3/4, , 31, , , 
2015/3/5, , 38, , , 
2015/3/6, , 41, , , 
2015/3/7, , 49, , , 
2015/3/8, , 41, , , 
2015/3/9, , 33, , , 
2015/3/10, , 37, , , 
2015/3/11, , 55, , , 
2015/3/12, , 64, , , 
2015/3/13, , 71, , , 
2015/3/14, , 67, , , 
2015/3/15, , 60, , , 
2015/3/16, , 48, , , 
2015/3/17, , 46, , , 
2015/3/18, , 47, , , 
2015/3/19, , 52, , , 
2015/3/20, , 51, , , 
2015/3/21, , 52, , , 
2015/3/22, , 55, , , 
2015/3/23, , 38, , , 
2015/3/24, , 31, , , 
2015/3/25, , 26, , , 
2015/3/26, , 26, , , 
2015/3/27, , 22, , , 
2015/3/28, , 18, , , 
2015/3/29, , 31, , , 
2015/3/30, , 33, , , 
2015/3/31, , 35, , , 
2015/4/1, , 36, , , 
2014/10/2, , 8, 14, , 
2014/10/3, , 8, 15, , 
2014/10/4, , 9, 15, , 
2014/10/5, , 9, 17, , 
2014/10/6, , 9, 12, , 
2014/10/7, , 26, 15, , 
2014/10/8, , 29, 5, , 
2014/10/9, , 40, 5, , 
2014/10/10, , 37, , , 
2014/10/11, , 37, , , 
2014/10/12, , 38, , , 
2014/10/13, , 36, , , 
2014/10/14, , 38, , , 
2014/10/15, , 43, , , 
2014/10/16, , 41, , , 
2014/10/17, , 29, , , 
2014/10/18, , 41, , , 
2014/10/19, , 25, , , 
2014/10/20, , 18, , , 
2014/10/21, , 21, , , 
2014/10/22, , 34, , , 
2014/10/23, , 30, , , 
2014/10/24, , 39, , , 
2014/10/25, , 37, , , 
2014/10/26, , 40, , , 
2014/10/27, , 39, , , 
2014/10/28, , 23, , , 
2014/10/29, , 25, , , 
2014/10/30, , 24, , , 
2014/10/31, , 23, , , 
2014/11/1, , 24, , , 
2014/11/2, , 26, , , 
2014/11/3, , 23, , , 
2014/11/4, , 22, , , 
2014/11/5, , 30, , , 
2014/11/6, , 29, , , 
2014/11/7, , 27, , , 
2014/11/8, , 30, , , 
2014/11/9, , 39, , , 
2014/11/10, , 37, , , 
2014/11/11, , 26, , , 
2014/11/12, , 31, , , 
2014/11/13, , 37, , , 
2014/11/14, , 44, , , 
2014/11/15, , 44, , , 
2014/11/16, , 42, , , 
2014/11/17, , 38, , , 
2014/11/18, , 28, , , 
2014/11/19, , 22, , , 
2014/11/20, , 24, , , 
2014/11/21, , 29, , , 
2014/11/22, , 33, , , 
2014/11/23, , 28, , , 
2014/11/24, , 26, , , 
2014/11/25, , 21, , , 
2014/11/26, , 29, , , 
2014/11/27, , 34, , , 
2014/11/28, , 42, , , 
2014/11/29, , 2, , , 
2014/12/3, , 25, , , 
2014/12/4, , 31, , , 
2014/12/5, , 42, , , 
2014/12/6, , 27, , , 
2014/12/7, , 15, , , 
2014/12/8, , 15, , , 
2014/12/9, , 26, , , 
2014/12/10, , 24, , , 
2014/12/11, , 24, , , 
2014/12/12, , 29, , , 
2014/12/13, , 37, , , 
2014/12/14, , 35, , , 
2014/12/15, , 34, , , 
2014/12/16, , 27, , , 
2014/12/17, , 25, , , 
2014/12/18, , 33, , , 
2014/12/19, , 36, , , 
2014/12/20, , 28, , , 
2014/12/21, , 24, , , 
2014/12/23, , 18, , , 
2014/12/24, , 19, , , 
2014/12/25, , 30, , , 
2014/12/26, , 30, , , 
2014/12/27, , 21, , , 
2014/12/28, , 26, , , 
2014/12/29, , 26, , , 
2014/7/2, , 61, , , 
2014/7/3, , 72, , , 
2014/7/4, , 57, , , 
2014/7/5, , 54, , , 
2014/7/6, , 33, , , 
2014/7/7, , 47, , , 
2014/7/8, , 56, , , 
2014/7/9, , 64, , , 
2014/7/10, , 74, , , 
2014/7/11, , 70, , , 
2014/7/12, , 59, , , 
2014/7/13, , 64, , , 
2014/7/14, , 65, , , 
2014/7/15, , 59, , , 
2014/7/16, , 41, , , 
2014/7/17, , 65, , , 
2014/7/18, , 49, , , 
2014/7/19, , 38, , , 
2014/7/20, , 56, , , 
2014/7/21, , 51, , , 
2014/7/22, , 53, , , 
2014/7/23, , 43, , , 
2014/7/24, , 33, , , 
2014/7/25, , 47, , , 
2014/7/26, , 59, , , 
2014/7/27, , 55, , , 
2014/7/28, , 62, , , 
2014/7/29, , 53, , , 
2014/7/30, , 26, , , 
2014/7/31, , 18, , , 
2014/8/1, , 23, , , 
2014/8/2, , 25, , , 
2014/8/3, , 17, , , 
2014/8/4, , 18, , , 
2014/8/5, , 23, , , 
2014/8/6, , 38, 14, , 
2014/8/7, , 20, 18, , 
2014/8/8, , 17, 14, , 
2014/8/9, , 45, 20, , 
2014/8/10, , 28, 17, , 
2014/8/11, , 18, 15, , 
2014/8/12, , 19, 19, , 
2014/8/13, , 24, 14, , 
2014/8/14, , 26, 21, , 
2014/8/15, , 24, 20, , 
2014/8/16, , 54, 24, , 
2014/8/17, , 28, 6, , 
2014/8/18, , 35, 21, , 
2014/8/19, , 51, 13, , 
2014/8/20, , 48, 12, , 
2014/8/21, , 43, 22, , 
2014/8/22, , 59, 12, , 
2014/8/23, , 58, 11, , 
2014/8/24, , 47, 23, , 
2014/8/25, , 21, 19, , 
2014/8/26, , 29, 21, , 
2014/8/27, , 40, 17, , 
2014/8/28, , 42, 45, , 
2014/8/29, , 44, 12, , 
2014/8/30, , 16, 22, , 
2014/8/31, , 13, 10, , 
2014/9/1, , 13, 17, , 
2014/9/2, , 16, 6, , 
2014/9/3, , 17, 17, , 
2014/9/4, , 28, 10, , 
2014/9/5, , 30, 18, , 
2014/9/6, , 24, 17, , 
2014/9/7, , 29, 23, , 
2014/9/8, , 54, 18, , 
2014/9/9, , 36, 20, , 
2014/9/10, , 19, 37, , 
2014/9/11, , 29, 26, , 
2014/9/12, , 45, 27, , 
2014/9/13, , 51, 17, , 
2014/9/14, , 51, 22, , 
2014/9/15, , 34, 24, , 
2014/9/16, , 29, 15, , 
2014/9/17, , 34, 15, , 
2014/9/18, , 20, 23, , 
2014/9/19, , 21, 25, , 
2014/9/20, , 23, 27, , 
2014/9/21, , 35, 15, , 
2014/9/22, , 29, 18, , 
2014/9/23, , 18, 13, , 
2014/9/24, , 39, 11, , 
2014/9/25, , 47, 19, , 
2014/9/26, , 45, 19, , 
2014/9/27, , 22, 20, , 
2014/9/28, , 26, 22, , 
2014/9/29, , 26, 2, , 
2014/9/30, , 13, 18, , 
2014/10/1, , 17, 25, , 
2014/4/2, , 38, , , 
2014/4/3, , 46, , , 
2014/4/4, , 43, , , 
2014/4/5, , 46, , , 
2014/4/6, , 59, , , 
2014/4/7, , 53, , , 
2014/4/8, , 49, , , 
2014/4/9, , 37, , , 
2014/4/10, , 45, , , 
2014/4/11, , 44, , , 
2014/4/12, , 52, , , 
2014/4/13, , 56, , , 
2014/4/14, , 50, , , 
2014/4/15, , 43, , , 
2014/4/16, , 53, , , 
2014/4/17, , 56, , , 
2014/4/18, , 51, , , 
2014/4/19, , 55, , , 
2014/4/20, , 57, , , 
2014/4/21, , 52, , , 
2014/4/22, , 45, , , 
2014/4/23, , 56, , , 
2014/4/24, , 62, , , 
2014/4/25, , 63, , , 
2014/4/26, , 67, , , 
2014/4/27, , 53, , , 
2014/4/28, , 50, , , 
2014/4/29, , 42, , , 
2014/4/30, , 73, , , 
2014/5/1, , 79, , , 
2014/5/2, , 68, , , 
2014/5/3, , 26, , , 
2014/5/4, , 27, , , 
2014/5/5, , 29, , , 
2014/5/6, , 37, , , 
2014/5/7, , 54, , , 
2014/5/8, , 47, , , 
2014/5/9, , 44, , , 
2014/5/10, , 47, , , 
2014/5/11, , 35, , , 
2014/5/12, , 45, , , 
2014/5/13, , 59, , , 
2014/5/14, , 63, , , 
2014/5/15, , 61, , , 
2014/5/16, , 51, , , 
2014/5/17, , 48, , , 
2014/5/18, , 44, , , 
2014/5/19, , 82, , , 
2014/5/20, , 61, , , 
2014/5/21, , 65, , , 
2014/5/22, , 39, , , 
2014/5/23, , 24, , , 
2014/5/24, , 49, , , 
2014/5/25, , 61, , , 
2014/5/26, , 65, , , 
2014/5/27, , 67, , , 
2014/5/28, , 60, , , 
2014/5/29, , 69, , , 
2014/5/30, , 51, , , 
2014/5/31, , 47, , , 
2014/6/1, , 53, , , 
2014/6/2, , 74, , , 
2014/6/3, , 68, , , 
2014/6/4, , 84, , , 
2014/6/5, , 26, , , 
2014/6/6, , 47, , , 
2014/6/7, , 55, , , 
2014/6/8, , 25, , , 
2014/6/9, , 19, , , 
2014/6/10, , 31, , , 
2014/6/11, , 62, , , 
2014/6/12, , 62, , , 
2014/6/13, , 28, , , 
2014/6/14, , 43, , , 
2014/6/15, , 64, , , 
2014/6/16, , 76, , , 
2014/6/17, , 38, , , 
2014/6/18, , 42, , , 
2014/6/19, , 60, , , 
2014/6/20, , 63, , , 
2014/6/21, , 42, , , 
2014/6/22, , 52, , , 
2014/6/23, , 64, , , 
2014/6/24, , 57, , , 
2014/6/25, , 40, , , 
2014/6/26, , 54, , , 
2014/6/27, , 54, , , 
2014/6/28, , 66, , , 
2014/6/29, , 74, , , 
2014/6/30, , 71, , , 
2014/7/1, , 53, , , 
2014/1/2, , 49, , , 
2014/1/3, , 40, , , 
2014/1/4, , 44, , , 
2014/1/5, , 69, , , 
2014/1/6, , 63, , , 
2014/1/7, , 64, , , 
2014/1/8, , 65, , , 
2014/1/9, , 61, , , 
2014/1/10, , 81, , , 
2014/1/11, , 79, , , 
2014/1/12, , 60, , , 
2014/1/13, , 59, , , 
2014/1/14, , 52, , , 
2014/1/15, , 53, , , 
2014/1/16, , 59, , , 
2014/1/17, , 44, , , 
2014/1/18, , 43, , , 
2014/1/19, , 42, , , 
2014/1/20, , 43, , , 
2014/1/21, , 25, , , 
2014/1/22, , 40, , , 
2014/1/23, , 36, , , 
2014/1/24, , 33, , , 
2014/1/25, , 40, , , 
2014/1/26, , 45, , , 
2014/1/27, , 45, , , 
2014/1/28, , 40, , , 
2014/1/29, , 39, , , 
2014/1/30, , 54, , , 
2014/1/31, , 58, , , 
2014/2/1, , 53, , , 
2014/2/2, , 38, , , 
2014/2/3, , 36, , , 
2014/2/4, , 33, , , 
2014/2/5, , 49, , , 
2014/2/6, , 46, , , 
2014/2/7, , 50, , , 
2014/2/8, , 44, , , 
2014/2/9, , 45, , , 
2014/2/10, , 47, , , 
2014/2/11, , 46, , , 
2014/2/12, , 49, , , 
2014/2/13, , 67, , , 
2014/2/14, , 79, , , 
2014/2/15, , 65, , , 
2014/2/16, , 54, , , 
2014/2/17, , 50, , , 
2014/2/18, , 50, , , 
2014/2/19, , 51, , , 
2014/2/20, , 51, , , 
2014/2/21, , 52, , , 
2014/2/22, , 58, , , 
2014/2/23, , 56, , , 
2014/2/24, , 48, , , 
2014/2/25, , 44, , , 
2014/2/26, , 40, , , 
2014/2/27, , 59, , , 
2014/2/28, , 63, , , 
2014/3/1, , 46, , , 
2014/3/2, , 34, , , 
2014/3/3, , 35, , , 
2014/3/4, , 36, , , 
2014/3/5, , 45, , , 
2014/3/6, , 49, , , 
2014/3/7, , 56, , , 
2014/3/8, , 57, , , 
2014/3/9, , 59, , , 
2014/3/10, , 52, , , 
2014/3/11, , 38, , , 
2014/3/12, , 49, , , 
2014/3/13, , 50, , , 
2014/3/14, , 49, , , 
2014/3/15, , 51, , , 
2014/3/16, , 48, , , 
2014/3/17, , 32, , , 
2014/3/18, , 38, , , 
2014/3/19, , 50, , , 
2014/3/20, , 50, , , 
2014/3/21, , 59, , , 
2014/3/22, , 61, , , 
2014/3/23, , 67, , , 
2014/3/24, , 63, , , 
2014/3/25, , 57, , , 
2014/3/26, , 50, , , 
2014/3/27, , 54, , , 
2014/3/28, , 52, , , 
2014/3/29, , 56, , , 
2014/4/1, , 25, , , 
2019/10/20, , , 24, 1, 6
2016/1/3, , , 7, , 